ESTADOS,CASOS
LOS LAURELES,10001
LA MAGDALENA,10002
EL UVAL RURAL,10003
PALO BLANCO,10004
POTRERILLO,10005
BANCO CENTRAL,10006
HOYA TEUSACA,10007
LA ESTANZUELA,10008
LAS NIEVES,10009
ARBORIZADORA ALTA,10010
BARCELONA SUR,10011
LA CAPUCHINA,10012
SAN JOAQUIN,10013
BOLIVIA,10014
JIMENEZ DE QUESADA II SECTOR,10015
RAIZAL,10016
LA REQUILINA RURAL,10017
CIUDAD BACHUE II,10018
LA UNION URBANO,10019
LAS PALMAS,10020
LOS RIOS,10021
BARRANCAS,10022
QUINTA RAMOS,10023
EL MIRADOR,10024
PARAMO I,10025
PASQUILLITA,10026
SIERRA MORENA II,10027
TIBAQUE URBANO,10028
CHAPINERO OCCIDENTAL,10029
LOMBARDIA,10030
QUIBA ALTO,10031
LA CANDELARIA,10032
BARRANCAS ORIENTAL RURAL,10033
ALTOS DEL ZUQUE,10034
LA SABANA,10035
SIBERIA,10036
MOCHUELO ALTO RURAL,10037
JARDIN BOTANICO,10038
ONCE DE NOVIEMBRE,10039
LOS ANDES,10040
CIUDAD LONDRES,10041
OLARTE,10042
CATALINA II,10043
SENA,10044
SAN RAFAEL INDUSTRIAL,10045
BAQUERO,10046
PAULO VI,10047
SAN FRANCISCO,10048
QUIBA BAJO,10049
BARRANCAS ORIENTAL,10050
LOS ARRAYANES,10051
TUNA RURAL,10052
CIUDAD BERNA,10053
LAS MARGARITAS,10054
LA ESMERALDA,10055
PASQUILLA URBANA,10056
BUENOS AIRES,10057
ANTIGUO COUNTRY,10058
SEGUNDO CONTADOR,10059
CORREDOR FERREO DEL SUR,10060
CLUB DE LOS LAGARTOS,10061
PORCIUNCULA,10062
CIUDAD KENNEDY SUR,10063
MODELIA OCCIDENTAL,10064
KASANDRA,10065
VILLEMAR,10066
SAN JUAN,10067
EL PROGRESO,10068
GRAN AMERICA,10069
SANTA MARIA,10070
PASADENA,10071
SEVILLA,10072
DELMONTE,10073
LAS MERCEDES I,10074
EL CARMEN FONTIBON,10075
VELODROMO,10076
NUEVA DELHI,10077
CORDOBA,10078
GUACAMAYAS II,10079
TINTALITO,10080
SANTA ROSA ALTA,10081
EL TABACO,10082
EL ISTMO,10083
SAUCEDAL,10084
EL VERGEL,10085
GRAN YOMASA,10086
PEPINITOS,10087
BOCHICA,10088
EL CHARCO,10089
EL SALITRE,10090
PENALISA,10091
TUNAL BAJO,10092
SANTA TERESITA,10093
SAN BERNARDINO RURAL,10094
SAMORE,10095
PRADO PINZON,10096
EL REMANSO,10097
CIUDAD KENNEDY CENTRAL,10098
SIBERIA RURAL,10099
CAPELLANIA,10100
ESCUELA DE CABALLERIA II,10101
CENTRO USME URBANO,10102
CURUBITAL,10103
ESTACION CENTRAL,10104
LAS VIOLETAS RURAL,10105
TIMIZA,10106
LA AURORA,10107
PUEBLO VIEJO,10108
GUACAMAYAS IV,10109
VOTO NACIONAL,10110
LA RIVIERA,10111
PARAMO IV,10112
COSTA AZUL,10113
EL VERGEL ORIENTAL,10114
PROVIVIENDA ORIENTAL,10115
LA UNION,10116
TEJAR,10117
PASQUILLA,10118
ORTEZAL,10119
SAN IGNACIO,10120
NUEVA GRANADA BOSA,10121
PARIS,10122
PARQUE NACIONAL ORIENTAL,10123
CIUDAD BACHUE I ETAPA,10124
COLON,10125
VILLA EMMA,10126
EL NUEVO PORTAL II,10127
LA FRAGUITA,10128
SAN ANTONIO URBANO,10129
FLORENCIA,10130
BOSQUE POPULAR,10131
MANDALAY,10132
BELLA FLOR SUR RURAL,10133
NORMANDIA,10134
LA CABRERA,10135
EL BAGAZAL,10136
EL REFUGIO,10137
MUEQUETA,10138
INTERINDUSTRIAL,10139
SANTA ROSA,10140
LAS MERCEDES,10141
LA REGADERA,10142
SANTA BARBARA,10143
EL HATO,10144
SAN BENITO,10145
ARRAYAN,10146
LAS FERIAS,10147
CHICO NORTE III SECTOR,10148
LOS NARANJOS,10149
EL BOSQUE SUR ORIENTAL RURAL I,10150
LA PRADERA,10151
DOCE DE OCTUBRE,10152
LA LIBERTAD,10153
HOYA SAN CRISTOBAL,10154
VILLA SAGRARIO,10155
CHARCO RURAL,10156
SABANA DE TIBABUYES,10157
NUEVA GLORIA,10158
EL PARAISO,10159
PUENTE ARANDA,10160
GRANJAS DE TECHO,10161
CASABLANCA,10162
TAIRONA,10163
OSORIO XII,10164
LAS MERCEDES SUBA,10165
EL PARAISO BOSA,10166
TIBABUYES OCCIDENTAL,10167
LA CAMELIA II,10168
TIBANA,10169
NUESTRA SENORA DEL ROSARIO,10170
CASABLANCA SUBA URBANO I,10171
QUIROGA I,10172
LA GRANJA NORTE,10173
LA PAMPA,10174
SAN CRISTOBAL SUR,10175
TABORA,10176
PALERMO,10177
CASABLANCA SUBA II,10178
QUIROGA,10179
TUNJUELITO,10180
MARRUECOS,10181
LA MACARENA,10182
SANTA INES,10183
LOS EJIDOS,10184
PARAMO,10185
SAN FELIPE DE USME RURAL,10186
LA ALAMEDA,10187
SAN ANTONIO NORTE,10188
EL MOCHUELO II URBANO,10189
BETANIA,10190
SAGRADO CORAZON,10191
SANTA MATILDE,10192
SAN ANTONIO NOROCCIDENTAL,10193
PARAMO II RURAL,10194
LOS MOLINOS,10195
JOSE ANTONIO GALAN,10196
SAN JOSE DE USAQUEN,10197
INGEMAR ORIENTAL RURAL,10198
TEUSAQUILLO,10199
EL NUEVO PORTAL II RURAL,10200
LA PEÃ‘A RURAL,10201
SAN MARTIN,10202
ALCALA,10203
TORCA I,10204
EDUARDO SANTOS,10205
LAGO GAITAN,10206
BELLAVISTA OCCIDENTAL,10207
VERACRUZ,10208
LA UNION,10209
CENTRO FONTIBON,10210
TECHO,10211
VEINTE DE JULIO,10212
TIBAQUE,10213
NAZARETH,10214
EL TOBERIN,10215
LAS AURAS,10216
NUEVO SAN ANDRES,10217
LAGUNA VERDE,10218
SALAZAR USME,10219
GALERIAS,10220
SAN JUAN BAUTISTA,10221
EL ROCIO NORTE,10222
SIETE DE AGOSTO,10223
COLOMBIA,10224
LA ESPERANZA SUR,10225
CIUDAD KENNEDY OCCIDENTAL,10226
ARBOLEDA SUR,10227
LOS ALMENDROS,10228
PROVIVIENDA OCCIDENTAL,10229
LA PICOTA ORIENTAL,10230
NUEVA ESPERANZA,10231
EL MIRADOR II,10232
TAQUECITOS,10233
SANTO DOMINGO,10234
TORCA RURAL I,10235
GUAYMARAL,10236
BAVARIA,10237
CHARLES DE GAULLE,10238
CAPITOLIO,10239
LAGUNITAS,10240
CHORRERAS,10241
LAS VEGAS,10242
EL MOCHUELO III,10243
EL TOLDO,10244
SAN ANTONIO,10245
CONCEPCION NORTE,10246
EL PORVENIR DE LOS SOCHES,10247
ACEVEDO TEJADA,10248
EL MOCHUELO ORIENTAL,10249
CHUCUA DE LA VACA III,10250
CANAVERALEJO RURAL,10251
EL PORTAL DEL BRASIL,10252
CIUDADELA EL RECREO II,10253
LA INDEPENDENCIA,10254
MARLY,10255
SIERRA MORENA,10256
LA ARBOLEDA RURAL,10257
EL CORZO RURAL,10258
VILLA MARIA,10259
SANTA HELENA,10260
LA URIBE,10261
ATENAS,10262
VICTORIA NORTE,10263
LAS MARGARITAS,10264
MOCHUELO ALTO,10265
EL MOCHUELO II,10266
SAN JOSE,10267
NUEVA GRANADA,10268
CONCEPCION,10269
CASA BLANCA SUR,10270
ALTOS DE SUBA,10271
LA SOLEDAD NORTE,10272
SAN MARTIN,10273
SAN JOSE SUR,10274
NARINO SUR,10275
QUIBA RURAL,10276
SAN VICTORINO,10277
SAN PABLO BOSA,10278
LA GAITANA,10279
LA CABANA,10280
EL BOSQUE,10281
LUSITANIA,10282
PATIO BONITO,10283
BOSQUES DE SAN JORGE,10284
SERRANIAS,10285
VILLA MARIA I,10286
ANTONIO JOSE DE SUCRE,10287
RICAURTE,10288
SAN RAFAEL,10289
LA ESTANCIA,10290
LA ESPERANZA,10291
INGLES,10292
LA HUERTA,10293
REMANSO,10294
EL MIRADOR DE LA ESTANCIA,10295
PARAMO II,10296
LA LIBERIA,10297
TIBAQUE II,10298
EL MADRIGAL,10299
SANTA BARBARA ORIENTAL,10300
EL DANUBIO AZUL,10301
OSPINA PEREZ SUR,10302
DESARROLLO BRAZUELOS I,10303
OLAYA,10304
TORCA II,10305
TORCA RURAL II,10306
ARBORIZADORA ALTA,10307
EL TINTAL IV,10308
PUERTA DEL SOL,10309
CAMPIN OCCIDENTAL,10310
ROMA,10311
CONEJERA,10312
EL REFUGIO I,10313
GUADUAL FONTIBON,10314
JUAN XXIII,10315
EL RETIRO,10316
ACACIAS USAQUEN,10317
TTES DE COLOMBIA,10318
RINCON DEL CHICO,10319
ATAHUALPA,10320
TUNAL ALTO,10321
EL LISTON,10322
BARAJAS NORTE,10323
GORGONZOLA,10324
CENTRO USME RURAL I,10325
SANTA BARBARA OCCIDENTAL,10326
MODELIA,10327
DUITAMA,10328
ANTONIA SANTOS,10329
QUIRIGUA II,10330
SOTAVENTO,10331
BOITA,10332
PRIMAVERA OCCIDENTAL,10333
AUTOPISTA MUZU ORIENTAL,10334
CLARET,10335
RINCON DE GALICIA,10336
SANTA LIBRADA NORTE,10337
CHAPINERO NORTE,10338
SAN MIGUEL,10339
EL TUNO,10340
SIERRA MORENA,10341
DANUBIO II,10342
GARCES NAVAS SUR,10343
VERAGUAS,10344
PARCELA EL PORVENIR,10345
EL UVAL,10346
SAN LUIS ALTOS DEL CABO RURAL,10347
PARQUE EL TUNAL,10348
VILLA MAYOR,10349
SANTIAGO PEREZ,10350
ALCAZARES NORTE,10351
LA MERCED NORTE,10352
EL CHANCO II,10353
METROPOLIS,10354
RENANIA URAPANES,10355
LOS CEDROS,10356
LA FLORIDA OCCIDENTAL,10357
EL CARMELO,10358
ALFONSO LOPEZ,10359
RAFAEL ESCAMILLA,10360
PASTRANA,10361
CAOBOS SALAZAR,10362
VILLA ISRAEL,10363
VILLA AMALIA,10364
QUIRIGUA ORIENTAL,10365
OSPINA PEREZ,10366
SAN PEDRO,10367
LAGO DE SUBA,10368
PUERTA DE TEJA,10369
ENTRERIOS,10370
CIUDAD KENNEDY,10371
PORTAL RURAL II,10372
TOCAIMITA ORIENTAL I,10373
LAGUNITAS,10374
INGEMAR,10375
SAN JOSE V SECTOR,10376
JOSE MARIA CARBONEL,10377
CERRO COLORADO,10378
QUINDIO,10379
PARIS GAITAN,10380
SANTA HELENITA,10381
LOS ALAMOS,10382
SANTA CECILIA,10383
ENGATIVA ZONA URBANA,10384
EL TINTAL III,10385
LAS FLORES,10386
GILMAR,10387
SAN PEDRO,10388
TIBABUYES UNIVERSAL,10389
VISION DE ORIENTE,10390
BOSQUE IZQUIERDO,10391
QUINTA MUTIS,10392
EL MOCHUELO II NORTE,10393
VEREDA EL TINTAL RURAL,10394
ALQUERIA,10395
ABRAHAM LINCOLN,10396
CHAPINERITO,10397
MIRANDELA,10398
VEREDA EL TINTAL URBANO,10399
PROVIVIENDA OCCIDENTAL,10400
PUERTO RICO,10401
OSORIO II,10402
PATIO BONITO II,10403
FISCALA ALTA,10404
LA ESTACION BOSA,10405
CATALINA,10406
SANTA BARBARA CENTRAL,10407
ESCOCIA,10408
POTOSI,10409
VILLA DEL MAR,10410
ESCOCIA,10411
VILLA DEL RIO,10412
LOS ROSALES,10413
LA MAGDALENA,10414
BONANZA,10415
EL RECUERDO,10416
SABANA GRANDE,10417
SANTA SOFIA,10418
LA LAGUNA FONTIBON,10419
EL TINTAL CENTRAL,10420
DIANA TURBAY CULTIVOS,10421
EL REFUGIO,10422
ESCUELA DE INFANTERIA,10423
MONTE CARLO,10424
EL DORADO INDUSTRIAL,10425
EL REFUGIO II,10426
LOS SAUCES,10427
MOLINOS DE ORIENTE,10428
CASA DE TEJA,10429
VILLAS EL DIAMANTE,10430
LA CASTELLANA,10431
EL CHANCO RURAL II,10432
ESCUELA DE CABALLERIA I,10433
ARRAYANES VI,10434
CIUDAD TECHO II,10435
QUIRIGUA I,10436
RIONEGRO,10437
GALAN RURAL,10438
VILLA ANNY I,10439
EL VIRREY,10440
LOS LACHES,10441
LA SOLEDAD,10442
VILLA ELISA,10443
VILLA ANNY II,10444
SAN BERNARDINO I,10445
VEREDA EL TINTAL,10446
VILLA ANITA,10447
SAN PEDRO,10448
SAN JAVIER,10449
POPULAR MODELO,10450
SAN PATRICIO,10451
BARRANCAS NORTE,10452
AURES II,10453
CARACAS,10454
CIUDAD DE CALI,10455
EL MINUTO DE DIOS,10456
SAN BLAS,10457
SANTA ANA SUR,10458
BOLONIA I,10459
CARMEN DEL SOL,10460
PUENTE COLORADO,10461
RAFAEL NUNEZ,10462
VEREDA SUBA CERROS II,10463
EL SATELITE,10464
LA REFORMA,10465
DINDALITO,10466
LAS ACACIAS,10467
ARRAYANES V,10468
CALANDAIMA,10469
LAS MERCEDES,10470
LA PRADERA,10471
LOS LAURELES II,10472
EL PINO,10473
DINDALITO,10474
ARBORIZADORA ALTA II,10475
JUAN XXIII,10476
LA SALLE,10477
ALQUERIA LA FRAGUA II,10478
ALQUERIA LA FRAGUA NORTE,10479
VILLAS DEL PROGRESO,10480
CAMPANELLA,10481
SAN BENITO,10482
SANTA INES SUR II,10483
SAN JUAN URBANO,10484
GRANADA SUR,10485
TUNJUELITO,10486
LAS FERIAS OCCIDENTAL,10487
LA GLORIA ORIENTAL,10488
CHAPINERO CENTRAL,10489
CIUDAD SALITRE SUR-ORIENTAL,10490
CIUDAD UNIVERSITARIA,10491
SAN BERNARDINO XVIII,10492
LISBOA,10493
BRITALIA,10494
MONTEBLANCO,10495
CASABLANCA SUBA I,10496
CANAIMA,10497
TIBABITA RURAL,10498
LAS MERCEDES SUBA RURAL,10499
PASO ANCHO,10500
EL MOCHUELO,10501
LAS DELICIAS,10502
DINTALITO,10503
LAS ACACIAS,10504
CIUDAD JARDIN SUR,10505
GRANADA NORTE,10506
BILBAO,10507
SAN CARLOS DE SUBA,10508
CASTILLA,10509
VERBENAL SAN ANTONIO,10510
YOMASA,10511
BELLAVISTA LUCERO ALTO,10512
VILLA DE LOS ALPES,10513
BOYACA,10514
DIANA TURBAY,10515
BOSA NOVA,10516
IRAGUA,10517
VITELMA,10518
BELLO HORIZONTE,10519
SAN AGUSTIN,10520
VILLA DE LOS ALPES I,10521
SAN LUIS,10522
VILLAS DE ALCALA,10523
LA MARIA,10524
SUBA CERROS,10525
VERGEL OCCIDENTAL,10526
LAS DOS AVENIDAS,10527
LA REQUILINA RURAL II,10528
OLARTE,10529
ALQUERIA LA FRAGUA,10530
EL PARAISO,10531
JACQUELINE,10532
QUIBA I,10533
CASABLANCA SUBA URBANO,10534
PORTALES DEL NORTE,10535
COLSEGUROS,10536
CHISACA,10537
ESTORIL,10538
SAN DIEGO,10539
CHUCUA DE LA VACA II,10540
COMUNEROS,10541
VILLA NELLY III SECTOR,10542
SAN ISIDRO,10543
LA PAZ BOSA,10544
SAN FERNANDO OCCIDENTAL,10545
NACIONES UNIDAS,10546
PROVIVIENDA NORTE,10547
VILLA MAYOR ORIENTAL,10548
BRASILIA,10549
SAN RAFAEL USME,10550
SAN PEDRO,10551
MILLAN,10552
CIUDAD BACHUE,10553
SAN PEDRO SUR,10554
LA ESTRELLITA III,10555
GINEBRA II,10556
EL MOCHUELO IV,10557
TUNA ALTA,10558
SANTA ISABEL,10559
VILLAS DE GRANADA I,10560
LLANO GRANDE,10561
LA FAVORITA,10562
BARCELONA,10563
REMANSO SUR,10564
CENTRO ADMINISTRATIVO,10565
EL MOCHUELO III URBANO,10566
TUNDAMA,10567
CUNDINAMARCA,10568
LAS GUACAMAYAS I,10569
BELALCAZAR,10570
PENSILVANIA,10571
SAN GABRIEL NORTE II,10572
VILLA DEL PRADO,10573
SAN BERNARDINO POTRERITOS,10574
CAMPO VERDE,10575
EL VERVENAL,10576
USAQUEN,10577
EL JAZMIN,10578
GUSTAVO RESTREPO,10579
CANADA O GUIRA,10580
ISLA DEL SOL,10581
LA COMUNA,10582
QUINTA CAMACHO,10583
BATALLON CALDAS,10584
RAMAJAL,10585
NUEVA ZELANDIA,10586
MOLINO RURAL,10587
BOSQUE CALDERON,10588
SAN MARTIN SUR,10589
CIUDAD LONDRES I,10590
CANODROMO,10591
COMPARTIR,10592
ESTRELLA DEL SUR,10593
ALTOS DEL POBLADO,10594
CIUDAD SALITRE NOR-ORIENTAL,10595
EL ROCIO,10596
VILLABEL,10597
OSORIO X,10598
CHARALA,10599
FERROCAJA FONTIBON,10600
BOSA NOVA EL PORVENIR,10601
GRAN COLOMBIANO,10602
EL BOSQUE SUR ORIENTAL,10603
EL DORADO,10604
EL NEVADO,10605
PALOQUEMAO,10606
SAMPER,10607
ARMENIA,10608
LA GLORIA OCCIDENTAL,10609
ALASKA,10610
BOSQUE DE MODELIA,10611
AEROPUERTO EL DORADO,10612
CHUCUA DE LA VACA I,10613
BRISAS ALDEA FONTIBON,10614
SEMINARIO,10615
VALLADOLID,10616
GRANJAS SAN PABLO,10617
INGEMAR ORIENTAL,10618
PARDO RUBIO,10619
RINCON ALTAMAR,10620
BOCHICA II,10621
SANTA CATALINA,10622
GIBRALTAR SUR,10623
HOSPITAL SAN CARLOS,10624
EL CHIRCAL SUR,10625
MARCO FIDEL SUAREZ,10626
LA AURORA,10627
MOLINOS NORTE,10628
TIBABUYES,10629
DIANA TURBAY ARRAYANES,10630
ANDES NORTE,10631
LA ESPERANZA,10632
EL BAGAZAL,10633
BENJAMIN HERRERA,10634
BRAZUELOS OCCIDENTAL RURAL,10635
SAN PABLO JERICO,10636
PRADO VERANIEGO,10637
FRANCO,10638
EL PEDREGAL,10639
PARQUE NACIONAL URBANO,10640
LA PAZ,10641
EL CARMEN,10642
CATALUNA,10643
FLORIDA,10644
LOS ALPES SUR,10645
SAN GABRIEL,10646
PARQUE NACIONAL,10647
INDUSTRIAL CENTENARIO,10648
VILLA ALSACIA,10649
POLICARPA,10650
BELLAVISTA,10651
FATIMA,10652
MARSELLA,10653
CANDELARIA LA NUEVA,10654
LUCERO ALTO,10655
MEXICO,10656
BRISAS DEL LLANO,10657
EL ENSUENO,10658
JULIO FLOREZ,10659
SAN ISIDRO RURAL,10660
SANTA RITA SUR ORIENTAL,10661
QUESADA,10662
CAMPO HERMOSO,10663
LAS MANAS,10664
CHICALA,10665
PARAISO QUIBA,10666
LA PICOTA,10667
EL JAZMIN,10668
SALITRE SUBA,10669
PINOS DE LOMBARDIA,10670
USMINIA,10671
SABANA DE TIBABUYES NORTE,10672
ALTAMIRA,10673
TUNA,10674
CASABLANCA SUBA,10675
RINCON DE SANTA INES,10676
PABLO VI NORTE,10677
GIRARDOT,10678
LA TORRE,10679
SAN BERNARDINO,10680
QUIROGA SUR,10681
CANAVERALEJO,10682
EL VERGEL,10683
SOCIEGO,10684
ARBORIZADORA ALTA,10685
BETANIA,10686
ALTOS DEL ZIPA,10687
MOLINOS DEL SUR,10688
SOSIEGO SUR,10689
LA VEGA SAN BERNARDINO,10690
QUIBA,10691
LA CABANA,10692
DESARROLLO BRAZUELOS,10693
ARBORIZADORA ALTA I,10694
NIZA NORTE,10695
LA ALAMEDA,10696
LUCERO DEL SUR,10697
LA LIBERTAD,10698
SAN JOSE SUR ORIENTAL,10699
LAS AMERICAS,10700
SUCRE,10701
CENTRO NARINO,10702
BELLAVISTA SUR,10703
BUENAVISTA,10704
PORVENIR,10705
LAS VILLAS,10706
SAN JOSE DE BAVARIA,10707
TIBABITA,10708
TIBABITA I,10709
EL CEREZO,10710
CENTRO INDUSTRIAL,10711
LA FAENA,10712
EL PLAYON,10713
SAN BERNARDINO II,10714
SANTA INES SUR,10715
SUMAPAZ,10716
SAN RAFAEL,10717
JORGE URIBE BOTERO,10718
VILLA GLORIA,10719
BARRANQUILLITA,10720
LAS ANIMAS,10721
LAS SOPAS,10722
CALLEJON SANTA BARBARA,10723
EL REMANSO I,10724
LA CABANA,10725
LAS MARGARITAS,10726
GALAN,10727
EL CORZO,10728
OSORIO XXIII,10729
BRASIL,10730
LAS MARGARITAS,10731
ISLANDIA,10732
SAN ANTONIO,10733
SANTA FE BOSA,10734
OSORIO III,10735
HIPOTECHO SUR,10736
NAZARETH URBANO,10737
EL CORZO I,10738
HIPOTECHO OCCIDENTAL,10739
LA RESURRECCION I,10740
TINTALA,10741
SIBERIA CENTRAL,10742
LECH WALESA,10743
CIUDADELA EL RECREO,10744
SANTA BIBIANA,10745
REMANSO URBANO,10746
EL POA,10747
VILLAS DE GRANADA,10748
LA FISCALA,10749
LA GAITANA ORIENTAL,10750
ESCUELA DE CARABINEROS,10751
SAN BERNARDINO XVIII,10752
SAN BLAS II,10753
SAN BERNARDINO XXII URBANO,10754
EL PLAN,10755
JUAN PABLO II,10756
CANTAGALLO,10757
AREA ARTILLERIA,10758
SAN BERNARDINO XXV,10759
SANTA TERESA,10760
VILLA HERMOSA,10761
SAN BERNARDINO XXV URBANO,10762
LA ESTRELLITA,10763
TIHUAQUE RURAL,10764
EMAUS,10765
CEDRO NARVAEZ,10766
LA PRADERA NORTE,10767
CIUDAD HUNZA,10768
GRAN GRANADA,10769
LOS CEDROS ORIENTAL,10770
TIBABITA RURAL I,10771
BOSQUE DE PINOS I,10772
LOS LAURELES I,10773
CARACOLI,10774
SANTA ANA OCCIDENTAL,10775
SANTO DOMINGO,10776
EL RINCON NORTE,10777
SANTA FE,10778
GUALOCHE,10779
SANTA BARBARA,10780
VILLA GLADYS,10781
CORABASTOS,10782
EL CORTIJO,10783
LAS VIOLETAS,10784
MORAVIA,10785
LA ASUNCION,10786
LOURDES,10787
ALAMOS,10788
ESPINO I,10789
CEDRO SALAZAR,10790
LOS ANGELES,10791
BOSA,10792
RINCON DE SUBA,10793
LA PENA,10794
LA PERSEVERANCIA,10795
LA PEPITA,10796
MEISSEN,10797
LA CONCORDIA,10798
BELLA FLOR SUR,10799
LA ESPERANZA NORTE,10800
ALCAZARES,10801
SANTA VIVIANA,10802
BRISAS DEL VOLADOR,10803
QUIBA URBANO,10804
BELEN FONTIBON,10805
PARAMO I RURAL,10806
BELLA FLOR,10807
EL LAUREL,10808
EL MINUTO DE MARIA,10809
ARABIA,10810
LA CAROLINA,10811
LA ESPERANZA SUR,10812
POLO CLUB,10813
EL CHICO,10814
LA PATRIA,10815
VILLA CARMENZA,10816
EL ENCANTO,10817
SIMON BOLIVAR,10818
SANTA CECILIA,10819
EL TINTAL,10820
ZONA FRANCA,10821
PRADO VERANIEGO NORTE,10822
CEDRITOS,10823
SABANA DEL DORADO,10824
RAMIREZ,10825
MARICHUELA,10826
QUINTAS DEL SUR,10827
AUTOPISTA MUZU,10828
CENTRO ADMINISTRATIVO OCC.,10829
YOMASA NORTE,10830
EL CHANCO RURAL III,10831
LA GIRALDA,10832
JORGE ELIECER GAITAN,10833
TUNA BAJA,10834
EL CONTADOR,10835
CAMPO EUCARISTICO,10836
EL PANTANO,10837
SANTA RITA DE SUBA,10838
BERLIN,10839
TOSCANA,10840
EL PORTAL DEL DIVINO,10841
NICOLAS DE FEDERMAN,10842
SUBA URBANO,10843
EL MOCHUELO URBANO,10844
EL TINTAL II,10845
TIHUAQUE,10846
LOS SOCHES,10847
SAN ANTONIO,10848
LAS GAVIOTAS,10849
SAN ISIDRO RURAL,10850
EL GUAVIO,10851
LA RESURRECCION,10852
ARGELIA II,10853
SAN LUIS,10854
GRAN BRITALIA,10855
LUIS CARLOS GALAN,10856
EL JARDIN,10857
LA CAMPINA,10858
GRAN BRITALIA I,10859
GARCES NAVAS,10860
ATLANTA,10861
VILLA CANDELARIA,10862
SANTA LIBRADA,10863
LA CHUCUA,10864
PARAMO URBANO,10865
MARIA CANO,10866
CASA BLANCA SUBA I,10867
NUEVA TIBABUYES,10868
LAS BRISAS,10869
VILLA DIANA,10870
CIUDAD HAYUELOS,10871
SAN FELIPE,10872
ATENAS,10873
GUIPARMA,10874
EL CURUBO,10875
LOS TRES REYES I,10876
VILLA DEL CERRO,10877
TOCAIMITA SUR,10878
GALAN,10879
LOS ARRAYANES II,10880
RINCON DE LA VALVANERA,10881
ESPINO,10882
EL BOSQUE CENTRAL I,10883
PATIO BONITO III,10884
SAN JOSE DE FONTIBON,10885
BRAZUELOS OCCIDENTAL,10886
SERRANIAS I,10887
AUTOPISTA MEDELLIN,10888
CENTRO USME,10889
SAN JORGE SUR,10890
LA VICTORIA,10891
PRIMERO DE MAYO,10892
EL CHANCO I,10893
LA MERCED,10894
SAMPER MENDOZA,10895
CASABLANCA SUBA,10896
BELLAVISTA,10897
LAS NAVETAS,10898
CIUDAD KENNEDY NORTE,10899
SANTA MONICA,10900
LISBOA,10901
LAS ORQUIDEAS,10902
GARCES NAVAS ORIENTAL,10903
GRANADA,10904
NUEVO TECHO,10905
MONTEVIDEO,10906
LAS ACACIAS,10907
TOCAIMITA ORIENTAL,10908
CHUNIZA,10909
AGUAS CLARAS,10910
SANTA LUCIA,10911
LAS CRUCES,10912
ARRAYANES I,10913
QUIROGA CENTRAL,10914
BRAVO PAEZ,10915
SANTA CECILIA PUENTE NORTE,10916
PUENTE GRANDE,10917
CHARCO URBANO,10918
AURES,10919
COUNTRY CLUB,10920
LA LOMITA,10921
SANTANDER,10922
CENTENARIO,10923
MURILLO TORO,10924
CENTRO ENGATIVA II,10925
PRADO VERANIEGO SUR,10926
SALAZAR GOMEZ,10927
LA CECILIA,10928
PUERTA AL LLANO DE USME,10929
DONA LILIANA,10930
VERSALLES FONTIBON,10931
RONDA,10932
LA ESTRELLITA I,10933
CENTRO USME RURAL II,10934
SAN EUSEBIO,10935
NUEVA YORK,10936
EL NEVADO II,10937
SAN PEDRO DE LOS ROBLES,10938
PARAMO URBANO III,10939
VEREDA SUBA NARANJOS,10940
LA CABANA,10941
MARIA PAZ,10942
JUAN REY SUR,10943
MAZUREN,10944
BOSQUE DE PINOS III,10945
LILIANA,10946
GRANJAS DE SANTA SOFIA,10947
SAN ISIDRO,10948
CASABLANCA SUBA URBANO II,10949
VILLA ALSACIA II,10950
COOPERATIVA DE SUB-OFICIALES,10951
CIUDAD KENNEDY ORIENTAL,10952
CHICO NORTE,10953
LA ESPERANZA SUR I,10954
LA FRAGUA,10955
LA CAMELIA,10956
LIBERTADOR,10957
HIPOTECHO,10958
LA CATEDRAL,10959
BOSQUE DE PINOS,10960
TOCAREMA,10961
HORIZONTES NORTE,10962
SAN VICENTE,10963
MIRADOR DEL NORTE,10964
LAS AGUAS,10965
SANTANDER SUR,10966
RESTREPO OCCIDENTAL,10967
EL MUELLE,10968
BOLONIA I,10969
LOS OLIVARES,10970
LOS LIBERTADORES,10971
EL PORTAL URBANO,10972
PALERMO SUR,10973
SANTA ISABEL SUR,10974
RESTREPO,10975
MARCO FIDEL SUAREZ I,10976
ANDALUCIA II,10977
BOSQUE DE PINOS III RURAL,10978
PUENTE LARGO,10979
EL RINCON,10980
BARLOVENTO,10981
EL REDIL,10982
CORDILLERA DEL SUR,10983
PERDOMO ALTO,10984
SAN CARLOS,10985
TIBAQUE SUR,10986
CIUDAD LONDRES RURAL,10987
SIERRA MORENA,10988
LA CORUNA,10989
GALICIA,10990
CIUDAD BOLIVAR RURAL I,10991
SAN ANTONIO ENGATIVA,10992
SAN FRANCISCO RURAL,10993
LOS ANDES,10994
LAS LOMAS,10995
TIMIZA A,10996
SURAMERICA,10997
JERUSALEN,10998
CERROS DE ORIENTE,10999
LA CALLEJA,11000
LA ESPERANZA DE USME,11001
EL ROSARIO,11002
LA PAZ,11003
SAN FERNANDO,11004
PARQUE DISTRITAL SALITRE,11005
PIO XII,11006
SAN GABRIEL NORTE,11007
EL PROGRESO USME,11008
PUERTA AL LLANO RURAL,11009
SAN BERNARDINO XIX,11010
CENTRO USME RURAL,11011
MONTEBELLO,11012
MORALBA,11013
ISMAEL PERDOMO,11014
LAS BRISAS,11015
SAN LUIS ALTOS DEL CABO,11016
BATAN,11017
VERONA,11018
BOLIVIA,11019
CEMENTERIO JARDINES APOGEO,11020
DANUBIO,11021
CHICO NORTE II SECTOR,11022
EL REAL,11023
TERMINAL DE TRANSPORTES,11024
EL PEDREGAL II,11025
LA CITA,11026
SALITRE OCCIDENTAL,11027
RAFAEL URIBE,11028
LA TRINIDAD,11029
LA FISCALA NORTE,11030
TIBABUYES II,11031
EL TESORO,11032
POTOSI,11033
ALTOS DE CHOZICA,11034
CAMPIN,11035
CIUDADELA COLSUBSIDIO,11036
COMUNEROS,11037
ARBORIZADORA BAJA,11038
TIMIZA B,11039
LAS ACACIAS RURAL,11040
EL GACO,11041
CIUDAD BOLIVAR RURAL III,11042
SAN FELIPE DE USME,11043
LOS ALPES,11044
EL CEDRO,11045
EL TRIANGULO,11046
VENECIA,11047
ESCUELA MILITAR,11048
GRANADA SUR,11049
VENECIA OCCIDENTAL,11050
ESCUELA GENERAL SANTANDER,11051
SANTA ANA,11052
EL RUBI,11053
LA REQUILINA,11054
SANTA CECILIA,11055
TIBAQUE I,11056
EL REFUGIO I,11057
SAN VICENTE FERRER,11058
EGIPTO,11059
ESPARTILLAL,11060
EL NOGAL,11061
CALVO SUR,11062
EL BOSQUE CENTRAL,11063
JIMENEZ DE QUESADA,11064
TUNAL ORIENTAL,11065
GINEBRA,11066
LA ORQUIDEA DE USME,11067
NIZA SUR,11068
LA ANDREA,11069
OSORIO X URBANO,11070
SAN CRISTOBAL NORTE,11071
ESTRELLA DEL NORTE,11072
EL BOSQUE SUR ORIENTAL RURAL II,11073
TIBABUYES,11074
EL NUEVO PORTAL,11075
CHIGUAZA RURAL,11076
EL DORADO,11077
LA ESTRADA,11078
SANTA CECILIA,11079
SANTA ROSA BAJA,11080
LA PRIMAVERA I,11081
EL PINAR,11082
MONTES,11083
SAN ANTONIO DEL MIRADOR,11084
AUTOPISTA SUR,11085
SAN CAYETANO,11086
CHICO SUR,11087
LA CAROLINA DE SUBA,11088
ARBOLEDA SANTA TERESITA,11089
SAN JOSE DEL PRADO,11090
PARQUE POPULAR SALITRE,11091
USATAMA,11092
ESTRELLA,11093
MOCHUELO ALTO URBANO,11094
MADELENA,11095
MODELO SUR,11096
LA HORTUA,11097
LOS ARRAYANES,11098
TIMIZA C,11099
PERDOMO ALTO,11100
JORGE GAITAN CORTES,11101
LA ESTRADITA,11102
BOCHICA,11103
EL PENON DEL CORTIJO,11104
CLASS,11105
BELEN,11106
PARAMO URBANO I,11107
ENGATIVA EL DORADO,11108
JUAN JOSE RONDON I,11109
MONACO,11110
SANTA TERESA DE SUBA,11111
EDUARDO FREY,11112
CEDRITOS DEL SUR,11113
NUEVO MUZU,11114
LA VALVANERA,11115
PRIMAVERA,11116
BELLA SUIZA,11117
LA CABANA FONTIBON,11118
BOSQUE DE LOS ALPES,11119
GUADALUPE,11120
EL RETAZO,11121
PROVIVIENDA,11122
CIUDAD JARDIN NORTE,11123
EL CEDRO,11124
VILLA ALCAZAR,11125
BOLIVIA ORIENTAL,11126
SANTA ROSA,11127
JOSE JOAQUIN VARGAS,11128
QUINTA PAREDES,11129
EL EJIDO,11130
LOS ALAMOS,11131
JUAN REY (LA PAZ),11132
PARAMO III RURAL,11133
MARANDU,11134
LAGUNITAS URBANO,11135
MUZU,11136
BOLONIA,11137
GUACAMAYAS III,11138
LA BELLEZA,11139
EL PARAISO,11140
ALMIRANTE COLON,11141
LOS TRES REYES,11142
CENTRAL DE MEZCLAS,11143
PRIMAVERA II,11144
JUAN JOSE RONDON,11145
SAN DIEGO-BOSA,11146
CIUDAD BOLIVAR,11147
SAN FRANCISCO,11148
MARIA CRISTINA,11149
CHIGUAZA URBANO,11150
IBERIA,11151
LOS CEREZOS,11152
VILLA LUZ,11153
SIBERIA,11154
NORMANDIA OCCIDENTAL,11155
LA SERENA,11156
LA GRANJA,11157
NIZA SUBA,11158
SIBERIA  II,11159
FLORIDA BLANCA,11160
