code,neighborhood,sampl
"LOS LAURELES, 004575 (1)",LOS LAURELES,8
"LA MAGDALENA, 006524 (2)",LA MAGDALENA,5
"EL UVAL RURAL, 102502 (3)",EL UVAL RURAL,9
"PALO BLANCO, 005501 (4)",PALO BLANCO,6
"POTRERILLO, 009240 (5)",POTRERILLO,5
"BANCO CENTRAL, 007208 (6)",BANCO CENTRAL,8
"HOYA TEUSACA, 101201 (7)",HOYA TEUSACA,10
"LA ESTANZUELA, 004104 (8)",LA ESTANZUELA,8
"LAS NIEVES, 003102 (9)",LAS NIEVES,5
"ARBORIZADORA ALTA, 002568 (10)",ARBORIZADORA ALTA,0
"BARCELONA SUR, 001424 (11)",BARCELONA SUR,6
"LA CAPUCHINA, 003108 (12)",LA CAPUCHINA,7
"SAN JOAQUIN, 005509 (13)",SAN JOAQUIN,7
"BOLIVIA, 005622 (14)",BOLIVIA,2
"JIMENEZ DE QUESADA II SECTOR, 004586 (15)",JIMENEZ DE QUESADA II SECTOR,10
"RAIZAL, 103205 (16)",RAIZAL,8
"LA REQUILINA RURAL, 102122 (17)",LA REQUILINA RURAL,5
"CIUDAD BACHUE II, 005682 (18)",CIUDAD BACHUE II,8
"LA UNION URBANO, 209106 (19)",LA UNION URBANO,3
"LAS PALMAS, 103107 (20)",LAS PALMAS,7
"LOS RIOS, 103108 (21)",LOS RIOS,5
"BARRANCAS, 008507 (22)",BARRANCAS,3
"QUINTA RAMOS, 001206 (23)",QUINTA RAMOS,7
"EL MIRADOR, 002570 (24)",EL MIRADOR,2
"PARAMO I, 108109 (25)",PARAMO I,9
"PASQUILLITA, 104102 (26)",PASQUILLITA,9
"SIERRA MORENA II, 002444 (27)",SIERRA MORENA II,10
"TIBAQUE URBANO, 001116 (28)",TIBAQUE URBANO,1
"CHAPINERO OCCIDENTAL, 007203 (29)",CHAPINERO OCCIDENTAL,8
"LOMBARDIA, 009228 (30)",LOMBARDIA,10
"QUIBA ALTO, 104114 (31)",QUIBA ALTO,3
"LA CANDELARIA, 009141 (32)",LA CANDELARIA,5
"BARRANCAS ORIENTAL RURAL, 108103 (33)",BARRANCAS ORIENTAL RURAL,3
"ALTOS DEL ZUQUE, 001331 (34)",ALTOS DEL ZUQUE,1
"LA SABANA, 004102 (35)",LA SABANA,10
"SIBERIA, 101502 (36)",SIBERIA,0
"MOCHUELO ALTO RURAL, 104131 (37)",MOCHUELO ALTO RURAL,9
"JARDIN BOTANICO, 005506 (38)",JARDIN BOTANICO,2
"ONCE DE NOVIEMBRE, 007405 (39)",ONCE DE NOVIEMBRE,6
"LOS ANDES, 102114 (40)",LOS ANDES,7
"CIUDAD LONDRES, 001349 (41)",CIUDAD LONDRES,4
"OLARTE, 102707 (42)",OLARTE,9
"CATALINA II, 004540 (43)",CATALINA II,9
"SENA, 002106 (44)",SENA,1
"SAN RAFAEL INDUSTRIAL, 004301 (45)",SAN RAFAEL INDUSTRIAL,9
"BAQUERO, 007306 (46)",BAQUERO,1
"PAULO VI, 005113 (47)",PAULO VI,10
"SAN FRANCISCO, 004206 (48)",SAN FRANCISCO,4
"QUIBA BAJO, 104110 (49)",QUIBA BAJO,3
"BARRANCAS ORIENTAL, 208103 (50)",BARRANCAS ORIENTAL,5
"LOS ARRAYANES, 102111 (51)",LOS ARRAYANES,10
"TUNA RURAL, 107106 (52)",TUNA RURAL,10
"CIUDAD BERNA, 001202 (53)",CIUDAD BERNA,7
"LAS MARGARITAS, 008530 (54)",LAS MARGARITAS,8
"LA ESMERALDA, 005111 (55)",LA ESMERALDA,8
"PASQUILLA URBANA, 204104 (56)",PASQUILLA URBANA,6
"BUENOS AIRES, 001102 (57)",BUENOS AIRES,3
"ANTIGUO COUNTRY, 008314 (58)",ANTIGUO COUNTRY,3
"SEGUNDO CONTADOR, 008424 (59)",SEGUNDO CONTADOR,7
"CORREDOR FERREO DEL SUR, 004572 (60)",CORREDOR FERREO DEL SUR,8
"CLUB DE LOS LAGARTOS, 009121 (61)",CLUB DE LOS LAGARTOS,1
"PORCIUNCULA, 008306 (62)",PORCIUNCULA,3
"CIUDAD KENNEDY SUR, 004507 (63)",CIUDAD KENNEDY SUR,7
"MODELIA OCCIDENTAL, 006312 (64)",MODELIA OCCIDENTAL,6
"KASANDRA, 006532 (65)",KASANDRA,9
"VILLEMAR, 006406 (66)",VILLEMAR,7
"SAN JUAN, 109104 (67)",SAN JUAN,1
"EL PROGRESO, 004111 (68)",EL PROGRESO,3
"GRAN AMERICA, 006202 (69)",GRAN AMERICA,7
"SANTA MARIA, 005602 (70)",SANTA MARIA,3
"PASADENA, 009125 (71)",PASADENA,3
"SEVILLA, 001201 (72)",SEVILLA,2
"DELMONTE, 009246 (73)",DELMONTE,5
"LAS MERCEDES I, 009243 (74)",LAS MERCEDES I,3
"EL CARMEN FONTIBON, 006408 (75)",EL CARMEN FONTIBON,9
"VELODROMO, 001114 (76)",VELODROMO,6
"NUEVA DELHI, 001323 (77)",NUEVA DELHI,8
"CORDOBA, 001303 (78)",CORDOBA,4
"GUACAMAYAS II, 001352 (79)",GUACAMAYAS II,4
"TINTALITO, 004617 (80)",TINTALITO,0
"SANTA ROSA ALTA, 103101 (81)",SANTA ROSA ALTA,3
"EL TABACO, 103203 (82)",EL TABACO,2
"EL ISTMO, 103202 (83)",EL ISTMO,9
"SAUCEDAL, 004560 (84)",SAUCEDAL,4
"EL VERGEL, 006528 (85)",EL VERGEL,4
"GRAN YOMASA, 002506 (86)",GRAN YOMASA,10
"PEPINITOS, 102405 (87)",PEPINITOS,10
"BOCHICA, 005632 (88)",BOCHICA,5
"EL CHARCO, 205402 (89)",EL CHARCO,5
"EL SALITRE, 005110 (90)",EL SALITRE,2
"PENALISA, 103206 (91)",PENALISA,9
"TUNAL BAJO, 109114 (92)",TUNAL BAJO,6
"SANTA TERESITA, 007102 (93)",SANTA TERESITA,4
"SAN BERNARDINO RURAL, 105317 (94)",SAN BERNARDINO RURAL,7
"SAMORE, 002406 (95)",SAMORE,5
"PRADO PINZON, 009105 (96)",PRADO PINZON,9
"EL REMANSO, 205320 (97)",EL REMANSO,2
"CIUDAD KENNEDY CENTRAL, 004511 (98)",CIUDAD KENNEDY CENTRAL,2
"SIBERIA RURAL, 201502 (99)",SIBERIA RURAL,3
"CAPELLANIA, 006302 (100)",CAPELLANIA,1
"ESCUELA DE CABALLERIA II, 008419 (101)",ESCUELA DE CABALLERIA II,8
"CENTRO USME URBANO, 002599 (102)",CENTRO USME URBANO,7
"CURUBITAL, 102911 (103)",CURUBITAL,5
"ESTACION CENTRAL, 006204 (104)",ESTACION CENTRAL,5
"LAS VIOLETAS RURAL, 102118 (105)",LAS VIOLETAS RURAL,7
"TIMIZA, 004512 (106)",TIMIZA,5
"LA AURORA, 007407 (107)",LA AURORA,3
"PUEBLO VIEJO, 005673 (108)",PUEBLO VIEJO,1
"GUACAMAYAS IV, 001353 (109)",GUACAMAYAS IV,6
"VOTO NACIONAL, 004103 (110)",VOTO NACIONAL,10
"LA RIVIERA, 005670 (111)",LA RIVIERA,9
"PARAMO IV, 208101 (112)",PARAMO IV,8
"COSTA AZUL, 009208 (113)",COSTA AZUL,0
"EL VERGEL ORIENTAL, 006529 (114)",EL VERGEL ORIENTAL,5
"PROVIVIENDA ORIENTAL, 004503 (115)",PROVIVIENDA ORIENTAL,0
"LA UNION, 102115 (116)",LA UNION,7
"TEJAR, 004408 (117)",TEJAR,10
"PASQUILLA, 104104 (118)",PASQUILLA,3
"ORTEZAL, 006208 (119)",ORTEZAL,1
"SAN IGNACIO, 005607 (120)",SAN IGNACIO,4
"NUEVA GRANADA BOSA, 004527 (121)",NUEVA GRANADA BOSA,3
"PARIS, 005619 (122)",PARIS,8
"PARQUE NACIONAL ORIENTAL, 101405 (123)",PARQUE NACIONAL ORIENTAL,5
"CIUDAD BACHUE I ETAPA, 005631 (124)",CIUDAD BACHUE I ETAPA,2
"COLON, 004308 (125)",COLON,1
"VILLA EMMA, 205316 (126)",VILLA EMMA,8
"EL NUEVO PORTAL II, 002620 (127)",EL NUEVO PORTAL II,10
"LA FRAGUITA, 002101 (128)",LA FRAGUITA,8
"SAN ANTONIO URBANO, 005660 (129)",SAN ANTONIO URBANO,8
"FLORENCIA, 005620 (130)",FLORENCIA,2
"BOSQUE POPULAR, 005505 (131)",BOSQUE POPULAR,6
"MANDALAY, 004531 (132)",MANDALAY,7
"BELLA FLOR SUR RURAL, 104107 (133)",BELLA FLOR SUR RURAL,5
"NORMANDIA, 005507 (134)",NORMANDIA,5
"LA CABRERA, 008309 (135)",LA CABRERA,4
"EL BAGAZAL, 101101 (136)",EL BAGAZAL,0
"EL REFUGIO, 006419 (137)",EL REFUGIO,0
"MUEQUETA, 007307 (138)",MUEQUETA,5
"INTERINDUSTRIAL, 006527 (139)",INTERINDUSTRIAL,10
"SANTA ROSA, 104112 (140)",SANTA ROSA,2
"LAS MERCEDES, 104108 (141)",LAS MERCEDES,7
"LA REGADERA, 102808 (142)",LA REGADERA,6
"SANTA BARBARA, 104113 (143)",SANTA BARBARA,6
"EL HATO, 102112 (144)",EL HATO,0
"SAN BENITO, 102909 (145)",SAN BENITO,8
"ARRAYAN, 102910 (146)",ARRAYAN,10
"LAS FERIAS, 005404 (147)",LAS FERIAS,2
"CHICO NORTE III SECTOR, 008315 (148)",CHICO NORTE III SECTOR,9
"LOS NARANJOS, 009201 (149)",LOS NARANJOS,10
"EL BOSQUE SUR ORIENTAL RURAL I, 102310 (150)",EL BOSQUE SUR ORIENTAL RURAL I,6
"LA PRADERA, 004305 (151)",LA PRADERA,1
"DOCE DE OCTUBRE, 005202 (152)",DOCE DE OCTUBRE,8
"LA LIBERTAD, 005206 (153)",LA LIBERTAD,7
"HOYA SAN CRISTOBAL, 101301 (154)",HOYA SAN CRISTOBAL,0
"VILLA SAGRARIO, 005658 (155)",VILLA SAGRARIO,6
"CHARCO RURAL, 105402 (156)",CHARCO RURAL,2
"SABANA DE TIBABUYES, 009232 (157)",SABANA DE TIBABUYES,2
"NUEVA GLORIA, 001320 (158)",NUEVA GLORIA,8
"EL PARAISO, 001329 (159)",EL PARAISO,9
"PUENTE ARANDA, 006215 (160)",PUENTE ARANDA,0
"GRANJAS DE TECHO, 006306 (161)",GRANJAS DE TECHO,2
"CASABLANCA, 004537 (162)",CASABLANCA,6
"TAIRONA, 004564 (163)",TAIRONA,0
"OSORIO XII, 004615 (164)",OSORIO XII,7
"LAS MERCEDES SUBA, 009239 (165)",LAS MERCEDES SUBA,4
"EL PARAISO BOSA, 004541 (166)",EL PARAISO BOSA,8
"TIBABUYES OCCIDENTAL, 009250 (167)",TIBABUYES OCCIDENTAL,2
"LA CAMELIA II, 004317 (168)",LA CAMELIA II,4
"TIBANA, 004212 (169)",TIBANA,6
"NUESTRA SENORA DEL ROSARIO, 009140 (170)",NUESTRA SENORA DEL ROSARIO,8
"CASABLANCA SUBA URBANO I, 009138 (171)",CASABLANCA SUBA URBANO I,4
"QUIROGA I, 002209 (172)",QUIROGA I,0
"LA GRANJA NORTE, 008524 (173)",LA GRANJA NORTE,8
"LA PAMPA, 006511 (174)",LA PAMPA,7
"SAN CRISTOBAL SUR, 001108 (175)",SAN CRISTOBAL SUR,5
"TABORA, 005609 (176)",TABORA,1
"PALERMO, 007205 (177)",PALERMO,3
"CASABLANCA SUBA II, 107111 (178)",CASABLANCA SUBA II,10
"QUIROGA, 002202 (179)",QUIROGA,10
"TUNJUELITO, 002508 (180)",TUNJUELITO,2
"MARRUECOS, 001418 (181)",MARRUECOS,2
"LA MACARENA, 008105 (182)",LA MACARENA,7
"SANTA INES, 003107 (183)",SANTA INES,5
"LOS EJIDOS, 004208 (184)",LOS EJIDOS,0
"PARAMO, 108104 (185)",PARAMO,8
"SAN FELIPE DE USME RURAL, 202404 (186)",SAN FELIPE DE USME RURAL,1
"LA ALAMEDA, 003101 (187)",LA ALAMEDA,5
"SAN ANTONIO NORTE, 008523 (188)",SAN ANTONIO NORTE,8
"EL MOCHUELO II URBANO, 002598 (189)",EL MOCHUELO II URBANO,7
"BETANIA, 103201 (190)",BETANIA,6
"SAGRADO CORAZON, 008101 (191)",SAGRADO CORAZON,6
"SANTA MATILDE, 004209 (192)",SANTA MATILDE,6
"SAN ANTONIO NOROCCIDENTAL, 008528 (193)",SAN ANTONIO NOROCCIDENTAL,2
"PARAMO II RURAL, 108112 (194)",PARAMO II RURAL,2
"LOS MOLINOS, 001417 (195)",LOS MOLINOS,5
"JOSE ANTONIO GALAN, 004569 (196)",JOSE ANTONIO GALAN,9
"SAN JOSE DE USAQUEN, 008529 (197)",SAN JOSE DE USAQUEN,5
"INGEMAR ORIENTAL RURAL, 101103 (198)",INGEMAR ORIENTAL RURAL,10
"TEUSAQUILLO, 007104 (199)",TEUSAQUILLO,0
"EL NUEVO PORTAL II RURAL, 202506 (200)",EL NUEVO PORTAL II RURAL,0
"LA PEÃ‘A RURAL, 201404 (201)",LA PEÃ‘A RURAL,0
"SAN MARTIN, 004592 (202)",SAN MARTIN,2
"ALCALA, 004407 (203)",ALCALA,8
"TORCA I, 008539 (204)",TORCA I,7
"EDUARDO SANTOS, 004105 (205)",EDUARDO SANTOS,5
"LAGO GAITAN, 008313 (206)",LAGO GAITAN,2
"BELLAVISTA OCCIDENTAL, 005503 (207)",BELLAVISTA OCCIDENTAL,10
"VERACRUZ, 003109 (208)",VERACRUZ,9
"LA UNION, 109106 (209)",LA UNION,4
"CENTRO FONTIBON, 006410 (210)",CENTRO FONTIBON,4
"TECHO, 004548 (211)",TECHO,0
"VEINTE DE JULIO, 001405 (212)",VEINTE DE JULIO,0
"TIBAQUE, 101306 (213)",TIBAQUE,9
"NAZARETH, 103106 (214)",NAZARETH,6
"EL TOBERIN, 008501 (215)",EL TOBERIN,6
"LAS AURAS, 103105 (216)",LAS AURAS,6
"NUEVO SAN ANDRES, 002505 (217)",NUEVO SAN ANDRES,5
"LAGUNA VERDE, 103204 (218)",LAGUNA VERDE,10
"SALAZAR USME, 002572 (219)",SALAZAR USME,9
"GALERIAS, 007207 (220)",GALERIAS,3
"SAN JUAN BAUTISTA, 002555 (221)",SAN JUAN BAUTISTA,10
"EL ROCIO NORTE, 008522 (222)",EL ROCIO NORTE,7
"SIETE DE AGOSTO, 007311 (223)",SIETE DE AGOSTO,2
"COLOMBIA, 007303 (224)",COLOMBIA,10
"LA ESPERANZA SUR, 006315 (225)",LA ESPERANZA SUR,7
"CIUDAD KENNEDY OCCIDENTAL, 004508 (226)",CIUDAD KENNEDY OCCIDENTAL,9
"ARBOLEDA SUR, 001423 (227)",ARBOLEDA SUR,5
"LOS ALMENDROS, 004609 (228)",LOS ALMENDROS,1
"PROVIVIENDA OCCIDENTAL, 004613 (229)",PROVIVIENDA OCCIDENTAL,4
"LA PICOTA ORIENTAL, 002510 (230)",LA PICOTA ORIENTAL,3
"NUEVA ESPERANZA, 204106 (231)",NUEVA ESPERANZA,2
"EL MIRADOR II, 204107 (232)",EL MIRADOR II,6
"TAQUECITOS, 103102 (233)",TAQUECITOS,9
"SANTO DOMINGO, 109105 (234)",SANTO DOMINGO,6
"TORCA RURAL I, 108101 (235)",TORCA RURAL I,8
"GUAYMARAL, 107101 (236)",GUAYMARAL,2
"BAVARIA, 006504 (237)",BAVARIA,7
"CHARLES DE GAULLE, 004574 (238)",CHARLES DE GAULLE,6
"CAPITOLIO, 109112 (239)",CAPITOLIO,8
"LAGUNITAS, 109113 (240)",LAGUNITAS,3
"CHORRERAS, 109107 (241)",CHORRERAS,10
"LAS VEGAS, 109103 (242)",LAS VEGAS,10
"EL MOCHUELO III, 104128 (243)",EL MOCHUELO III,9
"EL TOLDO, 109101 (244)",EL TOLDO,3
"SAN ANTONIO, 109102 (245)",SAN ANTONIO,8
"CONCEPCION NORTE, 007304 (246)",CONCEPCION NORTE,10
"EL PORVENIR DE LOS SOCHES, 102110 (247)",EL PORVENIR DE LOS SOCHES,8
"ACEVEDO TEJADA, 005107 (248)",ACEVEDO TEJADA,6
"EL MOCHUELO ORIENTAL, 002522 (249)",EL MOCHUELO ORIENTAL,8
"CHUCUA DE LA VACA III, 004619 (250)",CHUCUA DE LA VACA III,5
"CANAVERALEJO RURAL, 205308 (251)",CANAVERALEJO RURAL,2
"EL PORTAL DEL BRASIL, 004591 (252)",EL PORTAL DEL BRASIL,3
"CIUDADELA EL RECREO II, 004638 (253)",CIUDADELA EL RECREO II,6
"LA INDEPENDENCIA, 004641 (254)",LA INDEPENDENCIA,4
"MARLY, 008212 (255)",MARLY,8
"SIERRA MORENA, 002440 (256)",SIERRA MORENA,8
"LA ARBOLEDA RURAL, 101309 (257)",LA ARBOLEDA RURAL,5
"EL CORZO RURAL, 105314 (258)",EL CORZO RURAL,0
"VILLA MARIA, 009209 (259)",VILLA MARIA,6
"SANTA HELENA, 009131 (260)",SANTA HELENA,3
"LA URIBE, 008525 (261)",LA URIBE,8
"ATENAS, 009119 (262)",ATENAS,10
"VICTORIA NORTE, 009104 (263)",VICTORIA NORTE,5
"LAS MARGARITAS, 102113 (264)",LAS MARGARITAS,2
"MOCHUELO ALTO, 002596 (265)",MOCHUELO ALTO,7
"EL MOCHUELO II, 104129 (266)",EL MOCHUELO II,5
"SAN JOSE, 109111 (267)",SAN JOSE,3
"NUEVA GRANADA, 109116 (268)",NUEVA GRANADA,5
"CONCEPCION, 109110 (269)",CONCEPCION,8
"CASA BLANCA SUR, 004576 (270)",CASA BLANCA SUR,3
"ALTOS DE SUBA, 009260 (271)",ALTOS DE SUBA,9
"LA SOLEDAD NORTE, 005615 (272)",LA SOLEDAD NORTE,9
"SAN MARTIN, 008109 (273)",SAN MARTIN,7
"SAN JOSE SUR, 001401 (274)",SAN JOSE SUR,1
"NARINO SUR, 001207 (275)",NARINO SUR,10
"QUIBA RURAL, 204128 (276)",QUIBA RURAL,7
"SAN VICTORINO, 006105 (277)",SAN VICTORINO,7
"SAN PABLO BOSA, 004524 (278)",SAN PABLO BOSA,10
"LA GAITANA, 009216 (279)",LA GAITANA,3
"LA CABANA, 005508 (280)",LA CABANA,1
"EL BOSQUE, 002609 (281)",EL BOSQUE,9
"LUSITANIA, 006509 (282)",LUSITANIA,0
"PATIO BONITO, 004554 (283)",PATIO BONITO,1
"BOSQUES DE SAN JORGE, 009241 (284)",BOSQUES DE SAN JORGE,1
"SERRANIAS, 002542 (285)",SERRANIAS,7
"VILLA MARIA I, 009267 (286)",VILLA MARIA I,3
"ANTONIO JOSE DE SUCRE, 002571 (287)",ANTONIO JOSE DE SUCRE,5
"RICAURTE, 004101 (288)",RICAURTE,7
"SAN RAFAEL, 004302 (289)",SAN RAFAEL,5
"LA ESTANCIA, 002418 (290)",LA ESTANCIA,2
"LA ESPERANZA, 208107 (291)",LA ESPERANZA,1
"INGLES, 002307 (292)",INGLES,2
"LA HUERTA, 002636 (293)",LA HUERTA,5
"REMANSO, 004402 (294)",REMANSO,5
"EL MIRADOR DE LA ESTANCIA, 002447 (295)",EL MIRADOR DE LA ESTANCIA,8
"PARAMO II, 108108 (296)",PARAMO II,10
"LA LIBERIA, 008517 (297)",LA LIBERIA,0
"TIBAQUE II, 201309 (298)",TIBAQUE II,5
"EL MADRIGAL, 005635 (299)",EL MADRIGAL,8
"SANTA BARBARA ORIENTAL, 008413 (300)",SANTA BARBARA ORIENTAL,1
"EL DANUBIO AZUL, 004588 (301)",EL DANUBIO AZUL,5
"OSPINA PEREZ SUR, 004405 (302)",OSPINA PEREZ SUR,8
"DESARROLLO BRAZUELOS I, 002556 (303)",DESARROLLO BRAZUELOS I,6
"OLAYA, 002201 (304)",OLAYA,8
"TORCA II, 008541 (305)",TORCA II,4
"TORCA RURAL II, 108110 (306)",TORCA RURAL II,0
"ARBORIZADORA ALTA, 002569 (307)",ARBORIZADORA ALTA,0
"EL TINTAL IV, 006534 (308)",EL TINTAL IV,4
"PUERTA DEL SOL, 009203 (309)",PUERTA DEL SOL,4
"CAMPIN OCCIDENTAL, 005105 (310)",CAMPIN OCCIDENTAL,2
"ROMA, 004534 (311)",ROMA,9
"CONEJERA, 009142 (312)",CONEJERA,8
"EL REFUGIO I, 201105 (313)",EL REFUGIO I,0
"GUADUAL FONTIBON, 006407 (314)",GUADUAL FONTIBON,3
"JUAN XXIII, 007402 (315)",JUAN XXIII,9
"EL RETIRO, 008310 (316)",EL RETIRO,2
"ACACIAS USAQUEN, 008510 (317)",ACACIAS USAQUEN,4
"TTES DE COLOMBIA, 009223 (318)",TTES DE COLOMBIA,0
"RINCON DEL CHICO, 008411 (319)",RINCON DEL CHICO,6
"ATAHUALPA, 006416 (320)",ATAHUALPA,9
"TUNAL ALTO, 109109 (321)",TUNAL ALTO,8
"EL LISTON, 006106 (322)",EL LISTON,5
"BARAJAS NORTE, 107109 (323)",BARAJAS NORTE,0
"GORGONZOLA, 004207 (324)",GORGONZOLA,0
"CENTRO USME RURAL I, 102602 (325)",CENTRO USME RURAL I,6
"SANTA BARBARA OCCIDENTAL, 008417 (326)",SANTA BARBARA OCCIDENTAL,9
"MODELIA, 006311 (327)",MODELIA,10
"DUITAMA, 002550 (328)",DUITAMA,0
"ANTONIA SANTOS, 004570 (329)",ANTONIA SANTOS,0
"QUIRIGUA II, 005684 (330)",QUIRIGUA II,5
"SOTAVENTO, 002533 (331)",SOTAVENTO,6
"BOITA, 004516 (332)",BOITA,8
"PRIMAVERA OCCIDENTAL, 004205 (333)",PRIMAVERA OCCIDENTAL,10
"AUTOPISTA MUZU ORIENTAL, 004413 (334)",AUTOPISTA MUZU ORIENTAL,4
"CLARET, 002308 (335)",CLARET,5
"RINCON DE GALICIA, 002424 (336)",RINCON DE GALICIA,7
"SANTA LIBRADA NORTE, 002528 (337)",SANTA LIBRADA NORTE,8
"CHAPINERO NORTE, 008214 (338)",CHAPINERO NORTE,0
"SAN MIGUEL, 005103 (339)",SAN MIGUEL,3
"EL TUNO, 002634 (340)",EL TUNO,3
"SIERRA MORENA, 002438 (341)",SIERRA MORENA,1
"DANUBIO II, 002577 (342)",DANUBIO II,4
"GARCES NAVAS SUR, 005655 (343)",GARCES NAVAS SUR,7
"VERAGUAS, 004109 (344)",VERAGUAS,4
"PARCELA EL PORVENIR, 004630 (345)",PARCELA EL PORVENIR,2
"EL UVAL, 202502 (346)",EL UVAL,6
"SAN LUIS ALTOS DEL CABO RURAL, 208110 (347)",SAN LUIS ALTOS DEL CABO RURAL,4
"PARQUE EL TUNAL, 002410 (348)",PARQUE EL TUNAL,9
"VILLA MAYOR, 002311 (349)",VILLA MAYOR,10
"SANTIAGO PEREZ, 002304 (350)",SANTIAGO PEREZ,4
"ALCAZARES NORTE, 007404 (351)",ALCAZARES NORTE,2
"LA MERCED NORTE, 007301 (352)",LA MERCED NORTE,7
"EL CHANCO II, 205401 (353)",EL CHANCO II,10
"METROPOLIS, 005207 (354)",METROPOLIS,5
"RENANIA URAPANES, 004582 (355)",RENANIA URAPANES,4
"LOS CEDROS, 008515 (356)",LOS CEDROS,5
"LA FLORIDA OCCIDENTAL, 006203 (357)",LA FLORIDA OCCIDENTAL,1
"EL CARMELO, 004559 (358)",EL CARMELO,10
"ALFONSO LOPEZ, 007209 (359)",ALFONSO LOPEZ,9
"RAFAEL ESCAMILLA, 002421 (360)",RAFAEL ESCAMILLA,3
"PASTRANA, 004525 (361)",PASTRANA,0
"CAOBOS SALAZAR, 008518 (362)",CAOBOS SALAZAR,9
"VILLA ISRAEL, 002594 (363)",VILLA ISRAEL,10
"VILLA AMALIA, 005648 (364)",VILLA AMALIA,4
"QUIRIGUA ORIENTAL, 005639 (365)",QUIRIGUA ORIENTAL,9
"OSPINA PEREZ, 004406 (366)",OSPINA PEREZ,4
"SAN PEDRO, 105103 (367)",SAN PEDRO,1
"LAGO DE SUBA, 009220 (368)",LAGO DE SUBA,6
"PUERTA DE TEJA, 006404 (369)",PUERTA DE TEJA,7
"ENTRERIOS, 005306 (370)",ENTRERIOS,0
"CIUDAD KENNEDY, 004509 (371)",CIUDAD KENNEDY,9
"PORTAL RURAL II, 102506 (372)",PORTAL RURAL II,3
"TOCAIMITA ORIENTAL I, 002622 (373)",TOCAIMITA ORIENTAL I,9
"LAGUNITAS, 204304 (374)",LAGUNITAS,8
"INGEMAR, 008215 (375)",INGEMAR,10
"SAN JOSE V SECTOR, 009134 (376)",SAN JOSE V SECTOR,1
"JOSE MARIA CARBONEL, 004550 (377)",JOSE MARIA CARBONEL,6
"CERRO COLORADO, 002575 (378)",CERRO COLORADO,7
"QUINDIO, 001318 (379)",QUINDIO,7
"PARIS GAITAN, 005612 (380)",PARIS GAITAN,3
"SANTA HELENITA, 005608 (381)",SANTA HELENITA,3
"LOS ALAMOS, 005625 (382)",LOS ALAMOS,3
"SANTA CECILIA, 005638 (383)",SANTA CECILIA,6
"ENGATIVA ZONA URBANA, 005636 (384)",ENGATIVA ZONA URBANA,4
"EL TINTAL III, 006533 (385)",EL TINTAL III,0
"LAS FLORES, 009210 (386)",LAS FLORES,1
"GILMAR, 009114 (387)",GILMAR,1
"SAN PEDRO, 009253 (388)",SAN PEDRO,8
"TIBABUYES UNIVERSAL, 009225 (389)",TIBABUYES UNIVERSAL,4
"VISION DE ORIENTE, 006503 (390)",VISION DE ORIENTE,6
"BOSQUE IZQUIERDO, 008106 (391)",BOSQUE IZQUIERDO,8
"QUINTA MUTIS, 007308 (392)",QUINTA MUTIS,6
"EL MOCHUELO II NORTE, 204129 (393)",EL MOCHUELO II NORTE,1
"VEREDA EL TINTAL RURAL, 105105 (394)",VEREDA EL TINTAL RURAL,3
"ALQUERIA, 004409 (395)",ALQUERIA,1
"ABRAHAM LINCOLN, 002507 (396)",ABRAHAM LINCOLN,0
"CHAPINERITO, 002610 (397)",CHAPINERITO,4
"MIRANDELA, 009133 (398)",MIRANDELA,9
"VEREDA EL TINTAL URBANO, 205101 (399)",VEREDA EL TINTAL URBANO,6
"PROVIVIENDA OCCIDENTAL, 004505 (400)",PROVIVIENDA OCCIDENTAL,6
"PUERTO RICO, 001427 (401)",PUERTO RICO,10
"OSORIO II, 105203 (402)",OSORIO II,3
"PATIO BONITO II, 004555 (403)",PATIO BONITO II,4
"FISCALA ALTA, 002602 (404)",FISCALA ALTA,1
"LA ESTACION BOSA, 004521 (405)",LA ESTACION BOSA,4
"CATALINA, 004545 (406)",CATALINA,9
"SANTA BARBARA CENTRAL, 008415 (407)",SANTA BARBARA CENTRAL,0
"ESCOCIA, 004579 (408)",ESCOCIA,5
"POTOSI, 005401 (409)",POTOSI,7
"VILLA DEL MAR, 005680 (410)",VILLA DEL MAR,1
"ESCOCIA, 004519 (411)",ESCOCIA,3
"VILLA DEL RIO, 004546 (412)",VILLA DEL RIO,9
"LOS ROSALES, 008304 (413)",LOS ROSALES,6
"LA MAGDALENA, 007103 (414)",LA MAGDALENA,2
"BONANZA, 005406 (415)",BONANZA,3
"EL RECUERDO, 006201 (416)",EL RECUERDO,10
"SABANA GRANDE, 006521 (417)",SABANA GRANDE,0
"SANTA SOFIA, 007406 (418)",SANTA SOFIA,6
"LA LAGUNA FONTIBON, 006415 (419)",LA LAGUNA FONTIBON,4
"EL TINTAL CENTRAL, 006423 (420)",EL TINTAL CENTRAL,2
"DIANA TURBAY CULTIVOS, 001432 (421)",DIANA TURBAY CULTIVOS,1
"EL REFUGIO, 008303 (422)",EL REFUGIO,6
"ESCUELA DE INFANTERIA, 008410 (423)",ESCUELA DE INFANTERIA,9
"MONTE CARLO, 001115 (424)",MONTE CARLO,5
"EL DORADO INDUSTRIAL, 005663 (425)",EL DORADO INDUSTRIAL,0
"EL REFUGIO II, 201108 (426)",EL REFUGIO II,10
"LOS SAUCES, 004587 (427)",LOS SAUCES,0
"MOLINOS DE ORIENTE, 001104 (428)",MOLINOS DE ORIENTE,8
"CASA DE TEJA, 002534 (429)",CASA DE TEJA,8
"VILLAS EL DIAMANTE, 002558 (430)",VILLAS EL DIAMANTE,10
"LA CASTELLANA, 005304 (431)",LA CASTELLANA,5
"EL CHANCO RURAL II, 105401 (432)",EL CHANCO RURAL II,4
"ESCUELA DE CABALLERIA I, 008409 (433)",ESCUELA DE CABALLERIA I,9
"ARRAYANES VI, 002637 (434)",ARRAYANES VI,5
"CIUDAD TECHO II, 006531 (435)",CIUDAD TECHO II,2
"QUIRIGUA I, 005683 (436)",QUIRIGUA I,1
"RIONEGRO, 005308 (437)",RIONEGRO,0
"GALAN RURAL, 205221 (438)",GALAN RURAL,10
"VILLA ANNY I, 004598 (439)",VILLA ANNY I,10
"EL VIRREY, 002548 (440)",EL VIRREY,2
"LOS LACHES, 003207 (441)",LOS LACHES,3
"LA SOLEDAD, 007101 (442)",LA SOLEDAD,6
"VILLA ELISA, 009207 (443)",VILLA ELISA,7
"VILLA ANNY II, 004599 (444)",VILLA ANNY II,6
"SAN BERNARDINO I, 004597 (445)",SAN BERNARDINO I,5
"VEREDA EL TINTAL, 205102 (446)",VEREDA EL TINTAL,3
"VILLA ANITA, 002619 (447)",VILLA ANITA,4
"SAN PEDRO, 001306 (448)",SAN PEDRO,8
"SAN JAVIER, 001110 (449)",SAN JAVIER,10
"POPULAR MODELO, 005102 (450)",POPULAR MODELO,0
"SAN PATRICIO, 008418 (451)",SAN PATRICIO,10
"BARRANCAS NORTE, 008506 (452)",BARRANCAS NORTE,6
"AURES II, 009206 (453)",AURES II,6
"CARACAS, 001203 (454)",CARACAS,7
"CIUDAD DE CALI, 004607 (455)",CIUDAD DE CALI,10
"EL MINUTO DE DIOS, 005601 (456)",EL MINUTO DE DIOS,3
"SAN BLAS, 001106 (457)",SAN BLAS,8
"SANTA ANA SUR, 001111 (458)",SANTA ANA SUR,5
"BOLONIA I, 202203 (459)",BOLONIA I,1
"CARMEN DEL SOL, 001434 (460)",CARMEN DEL SOL,2
"PUENTE COLORADO, 001317 (461)",PUENTE COLORADO,1
"RAFAEL NUNEZ, 005117 (462)",RAFAEL NUNEZ,7
"VEREDA SUBA CERROS II, 009265 (463)",VEREDA SUBA CERROS II,6
"EL SATELITE, 002545 (464)",EL SATELITE,2
"LA REFORMA, 002627 (465)",LA REFORMA,4
"DINDALITO, 004612 (466)",DINDALITO,4
"LAS ACACIAS, 004626 (467)",LAS ACACIAS,3
"ARRAYANES V, 002625 (468)",ARRAYANES V,0
"CALANDAIMA, 004601 (469)",CALANDAIMA,6
"LAS MERCEDES, 001107 (470)",LAS MERCEDES,3
"LA PRADERA, 002437 (471)",LA PRADERA,7
"LOS LAURELES II, 002544 (472)",LOS LAURELES II,6
"EL PINO, 009213 (473)",EL PINO,5
"DINDALITO, 004614 (474)",DINDALITO,10
"ARBORIZADORA ALTA II, 002461 (475)",ARBORIZADORA ALTA II,10
"JUAN XXIII, 008211 (476)",JUAN XXIII,5
"LA SALLE, 008206 (477)",LA SALLE,5
"ALQUERIA LA FRAGUA II, 004596 (478)",ALQUERIA LA FRAGUA II,5
"ALQUERIA LA FRAGUA NORTE, 004542 (479)",ALQUERIA LA FRAGUA NORTE,8
"VILLAS DEL PROGRESO, 004567 (480)",VILLAS DEL PROGRESO,1
"CAMPANELLA, 009219 (481)",CAMPANELLA,4
"SAN BENITO, 002509 (482)",SAN BENITO,7
"SANTA INES SUR II, 001357 (483)",SANTA INES SUR II,2
"SAN JUAN URBANO, 209104 (484)",SAN JUAN URBANO,7
"GRANADA SUR, 002541 (485)",GRANADA SUR,3
"TUNJUELITO, 002593 (486)",TUNJUELITO,3
"LAS FERIAS OCCIDENTAL, 005405 (487)",LAS FERIAS OCCIDENTAL,9
"LA GLORIA ORIENTAL, 001319 (488)",LA GLORIA ORIENTAL,8
"CHAPINERO CENTRAL, 008213 (489)",CHAPINERO CENTRAL,0
"CIUDAD SALITRE SUR-ORIENTAL, 006217 (490)",CIUDAD SALITRE SUR-ORIENTAL,4
"CIUDAD UNIVERSITARIA, 005108 (491)",CIUDAD UNIVERSITARIA,2
"SAN BERNARDINO XVIII, 105318 (492)",SAN BERNARDINO XVIII,1
"LISBOA, 008513 (493)",LISBOA,7
"BRITALIA, 009102 (494)",BRITALIA,0
"MONTEBLANCO, 002536 (495)",MONTEBLANCO,5
"CASABLANCA SUBA I, 107110 (496)",CASABLANCA SUBA I,2
"CANAIMA, 008544 (497)",CANAIMA,3
"TIBABITA RURAL, 108102 (498)",TIBABITA RURAL,4
"LAS MERCEDES SUBA RURAL, 107107 (499)",LAS MERCEDES SUBA RURAL,7
"PASO ANCHO, 004528 (500)",PASO ANCHO,6
"EL MOCHUELO, 002584 (501)",EL MOCHUELO,5
"LAS DELICIAS, 004544 (502)",LAS DELICIAS,8
"DINTALITO, 004618 (503)",DINTALITO,6
"LAS ACACIAS, 002513 (504)",LAS ACACIAS,9
"CIUDAD JARDIN SUR, 001204 (505)",CIUDAD JARDIN SUR,6
"GRANADA NORTE, 009101 (506)",GRANADA NORTE,0
"BILBAO, 009252 (507)",BILBAO,3
"SAN CARLOS DE SUBA, 009251 (508)",SAN CARLOS DE SUBA,2
"CASTILLA, 006506 (509)",CASTILLA,2
"VERBENAL SAN ANTONIO, 008537 (510)",VERBENAL SAN ANTONIO,7
"YOMASA, 001350 (511)",YOMASA,9
"BELLAVISTA LUCERO ALTO, 002560 (512)",BELLAVISTA LUCERO ALTO,8
"VILLA DE LOS ALPES, 001408 (513)",VILLA DE LOS ALPES,5
"BOYACA, 005603 (514)",BOYACA,5
"DIANA TURBAY, 001421 (515)",DIANA TURBAY,0
"BOSA NOVA, 004526 (516)",BOSA NOVA,3
"IRAGUA, 009247 (517)",IRAGUA,2
"VITELMA, 001103 (518)",VITELMA,1
"BELLO HORIZONTE, 001304 (519)",BELLO HORIZONTE,5
"SAN AGUSTIN, 001416 (520)",SAN AGUSTIN,1
"VILLA DE LOS ALPES I, 001430 (521)",VILLA DE LOS ALPES I,6
"SAN LUIS, 007202 (522)",SAN LUIS,7
"VILLAS DE ALCALA, 005668 (523)",VILLAS DE ALCALA,4
"LA MARIA, 001109 (524)",LA MARIA,9
"SUBA CERROS, 009231 (525)",SUBA CERROS,0
"VERGEL OCCIDENTAL, 006514 (526)",VERGEL OCCIDENTAL,9
"LAS DOS AVENIDAS, 006508 (527)",LAS DOS AVENIDAS,2
"LA REQUILINA RURAL II, 102604 (528)",LA REQUILINA RURAL II,9
"OLARTE, 004538 (529)",OLARTE,7
"ALQUERIA LA FRAGUA, 004543 (530)",ALQUERIA LA FRAGUA,9
"EL PARAISO, 004603 (531)",EL PARAISO,7
"JACQUELINE, 004517 (532)",JACQUELINE,8
"QUIBA I, 002456 (533)",QUIBA I,1
"CASABLANCA SUBA URBANO, 009136 (534)",CASABLANCA SUBA URBANO,3
"PORTALES DEL NORTE, 009135 (535)",PORTALES DEL NORTE,6
"COLSEGUROS, 006109 (536)",COLSEGUROS,0
"CHISACA, 102116 (537)",CHISACA,4
"ESTORIL, 009126 (538)",ESTORIL,6
"SAN DIEGO, 008107 (539)",SAN DIEGO,7
"CHUCUA DE LA VACA II, 004620 (540)",CHUCUA DE LA VACA II,4
"COMUNEROS, 004202 (541)",COMUNEROS,4
"VILLA NELLY III SECTOR, 004578 (542)",VILLA NELLY III SECTOR,4
"SAN ISIDRO, 008317 (543)",SAN ISIDRO,1
"LA PAZ BOSA, 004520 (544)",LA PAZ BOSA,1
"SAN FERNANDO OCCIDENTAL, 005204 (545)",SAN FERNANDO OCCIDENTAL,0
"NACIONES UNIDAS, 002546 (546)",NACIONES UNIDAS,9
"PROVIVIENDA NORTE, 004310 (547)",PROVIVIENDA NORTE,4
"VILLA MAYOR ORIENTAL, 002309 (548)",VILLA MAYOR ORIENTAL,2
"BRASILIA, 004604 (549)",BRASILIA,9
"SAN RAFAEL USME, 001322 (550)",SAN RAFAEL USME,4
"SAN PEDRO, 004589 (551)",SAN PEDRO,4
"MILLAN, 002502 (552)",MILLAN,7
"CIUDAD BACHUE, 005630 (553)",CIUDAD BACHUE,6
"SAN PEDRO SUR, 001337 (554)",SAN PEDRO SUR,4
"LA ESTRELLITA III, 008547 (555)",LA ESTRELLITA III,2
"GINEBRA II, 008425 (556)",GINEBRA II,6
"EL MOCHUELO IV, 104127 (557)",EL MOCHUELO IV,10
"TUNA ALTA, 009214 (558)",TUNA ALTA,8
"SANTA ISABEL, 004108 (559)",SANTA ISABEL,9
"VILLAS DE GRANADA I, 005649 (560)",VILLAS DE GRANADA I,9
"LLANO GRANDE, 004562 (561)",LLANO GRANDE,6
"LA FAVORITA, 006104 (562)",LA FAVORITA,9
"BARCELONA, 004303 (563)",BARCELONA,2
"REMANSO SUR, 004412 (564)",REMANSO SUR,0
"CENTRO ADMINISTRATIVO, 003106 (565)",CENTRO ADMINISTRATIVO,3
"EL MOCHUELO III URBANO, 002588 (566)",EL MOCHUELO III URBANO,6
"TUNDAMA, 004515 (567)",TUNDAMA,3
"CUNDINAMARCA, 006211 (568)",CUNDINAMARCA,7
"LAS GUACAMAYAS I, 001355 (569)",LAS GUACAMAYAS I,7
"BELALCAZAR, 007206 (570)",BELALCAZAR,1
"PENSILVANIA, 004201 (571)",PENSILVANIA,7
"SAN GABRIEL NORTE II, 008426 (572)",SAN GABRIEL NORTE II,7
"VILLA DEL PRADO, 009129 (573)",VILLA DEL PRADO,3
"SAN BERNARDINO POTRERITOS, 004623 (574)",SAN BERNARDINO POTRERITOS,1
"CAMPO VERDE, 205322 (575)",CAMPO VERDE,4
"EL VERVENAL, 008526 (576)",EL VERVENAL,4
"USAQUEN, 008407 (577)",USAQUEN,1
"EL JAZMIN, 004611 (578)",EL JAZMIN,8
"GUSTAVO RESTREPO, 001402 (579)",GUSTAVO RESTREPO,1
"CANADA O GUIRA, 001330 (580)",CANADA O GUIRA,1
"ISLA DEL SOL, 002411 (581)",ISLA DEL SOL,0
"LA COMUNA, 002612 (582)",LA COMUNA,2
"QUINTA CAMACHO, 008201 (583)",QUINTA CAMACHO,3
"BATALLON CALDAS, 006207 (584)",BATALLON CALDAS,7
"RAMAJAL, 001307 (585)",RAMAJAL,2
"NUEVA ZELANDIA, 009120 (586)",NUEVA ZELANDIA,4
"MOLINO RURAL, 101302 (587)",MOLINO RURAL,6
"BOSQUE CALDERON, 008207 (588)",BOSQUE CALDERON,6
"SAN MARTIN SUR, 001321 (589)",SAN MARTIN SUR,9
"CIUDAD LONDRES I, 001346 (590)",CIUDAD LONDRES I,2
"CANODROMO, 009130 (591)",CANODROMO,8
"COMPARTIR, 002504 (592)",COMPARTIR,8
"ESTRELLA DEL SUR, 002540 (593)",ESTRELLA DEL SUR,0
"ALTOS DEL POBLADO, 001333 (594)",ALTOS DEL POBLADO,6
"CIUDAD SALITRE NOR-ORIENTAL, 006216 (595)",CIUDAD SALITRE NOR-ORIENTAL,7
"EL ROCIO, 003208 (596)",EL ROCIO,4
"VILLABEL, 001332 (597)",VILLABEL,4
"OSORIO X, 105210 (598)",OSORIO X,6
"CHARALA, 002611 (599)",CHARALA,7
"FERROCAJA FONTIBON, 006405 (600)",FERROCAJA FONTIBON,0
"BOSA NOVA EL PORVENIR, 004580 (601)",BOSA NOVA EL PORVENIR,9
"GRAN COLOMBIANO, 004539 (602)",GRAN COLOMBIANO,4
"EL BOSQUE SUR ORIENTAL, 002628 (603)",EL BOSQUE SUR ORIENTAL,9
"EL DORADO, 003209 (604)",EL DORADO,2
"EL NEVADO, 002631 (605)",EL NEVADO,8
"PALOQUEMAO, 006107 (606)",PALOQUEMAO,7
"SAMPER, 008108 (607)",SAMPER,0
"ARMENIA, 007105 (608)",ARMENIA,7
"LA GLORIA OCCIDENTAL, 001311 (609)",LA GLORIA OCCIDENTAL,10
"ALASKA, 002551 (610)",ALASKA,6
"BOSQUE DE MODELIA, 006316 (611)",BOSQUE DE MODELIA,5
"AEROPUERTO EL DORADO, 005624 (612)",AEROPUERTO EL DORADO,9
"CHUCUA DE LA VACA I, 004621 (613)",CHUCUA DE LA VACA I,4
"BRISAS ALDEA FONTIBON, 006414 (614)",BRISAS ALDEA FONTIBON,1
"SEMINARIO, 008302 (615)",SEMINARIO,5
"VALLADOLID, 006515 (616)",VALLADOLID,0
"GRANJAS SAN PABLO, 001412 (617)",GRANJAS SAN PABLO,1
"INGEMAR ORIENTAL, 008218 (618)",INGEMAR ORIENTAL,4
"PARDO RUBIO, 008208 (619)",PARDO RUBIO,8
"RINCON ALTAMAR, 009266 (620)",RINCON ALTAMAR,0
"BOCHICA II, 005644 (621)",BOCHICA II,4
"SANTA CATALINA, 004584 (622)",SANTA CATALINA,6
"GIBRALTAR SUR, 002554 (623)",GIBRALTAR SUR,10
"HOSPITAL SAN CARLOS, 001403 (624)",HOSPITAL SAN CARLOS,8
"EL CHIRCAL SUR, 002435 (625)",EL CHIRCAL SUR,2
"MARCO FIDEL SUAREZ, 001410 (626)",MARCO FIDEL SUAREZ,4
"LA AURORA, 002503 (627)",LA AURORA,10
"MOLINOS NORTE, 008416 (628)",MOLINOS NORTE,3
"TIBABUYES, 009233 (629)",TIBABUYES,6
"DIANA TURBAY ARRAYANES, 001422 (630)",DIANA TURBAY ARRAYANES,5
"ANDES NORTE, 009127 (631)",ANDES NORTE,3
"LA ESPERANZA, 007305 (632)",LA ESPERANZA,4
"EL BAGAZAL, 008319 (633)",EL BAGAZAL,9
"BENJAMIN HERRERA, 007309 (634)",BENJAMIN HERRERA,0
"BRAZUELOS OCCIDENTAL RURAL, 104130 (635)",BRAZUELOS OCCIDENTAL RURAL,8
"SAN PABLO JERICO, 006413 (636)",SAN PABLO JERICO,10
"PRADO VERANIEGO, 009107 (637)",PRADO VERANIEGO,10
"FRANCO, 006308 (638)",FRANCO,3
"EL PEDREGAL, 002563 (639)",EL PEDREGAL,1
"PARQUE NACIONAL URBANO, 008114 (640)",PARQUE NACIONAL URBANO,7
"LA PAZ, 002566 (641)",LA PAZ,7
"EL CARMEN, 002407 (642)",EL CARMEN,6
"CATALUNA, 008111 (643)",CATALUNA,6
"FLORIDA, 006101 (644)",FLORIDA,7
"LOS ALPES SUR, 002559 (645)",LOS ALPES SUR,7
"SAN GABRIEL, 004307 (646)",SAN GABRIEL,8
"PARQUE NACIONAL, 008102 (647)",PARQUE NACIONAL,3
"INDUSTRIAL CENTENARIO, 006205 (648)",INDUSTRIAL CENTENARIO,8
"VILLA ALSACIA, 006512 (649)",VILLA ALSACIA,5
"POLICARPA, 001211 (650)",POLICARPA,6
"BELLAVISTA, 002436 (651)",BELLAVISTA,6
"FATIMA, 002408 (652)",FATIMA,3
"MARSELLA, 006502 (653)",MARSELLA,4
"CANDELARIA LA NUEVA, 002531 (654)",CANDELARIA LA NUEVA,2
"LUCERO ALTO, 002521 (655)",LUCERO ALTO,8
"MEXICO, 002516 (656)",MEXICO,10
"BRISAS DEL LLANO, 002635 (657)",BRISAS DEL LLANO,2
"EL ENSUENO, 002416 (658)",EL ENSUENO,0
"JULIO FLOREZ, 005403 (659)",JULIO FLOREZ,0
"SAN ISIDRO RURAL, 208111 (660)",SAN ISIDRO RURAL,1
"SANTA RITA SUR ORIENTAL, 001328 (661)",SANTA RITA SUR ORIENTAL,6
"QUESADA, 007204 (662)",QUESADA,10
"CAMPO HERMOSO, 004558 (663)",CAMPO HERMOSO,6
"LAS MANAS, 002520 (664)",LAS MANAS,1
"CHICALA, 004605 (665)",CHICALA,3
"PARAISO QUIBA, 002565 (666)",PARAISO QUIBA,0
"LA PICOTA, 002511 (667)",LA PICOTA,3
"EL JAZMIN, 205209 (668)",EL JAZMIN,1
"SALITRE SUBA, 009226 (669)",SALITRE SUBA,5
"PINOS DE LOMBARDIA, 009245 (670)",PINOS DE LOMBARDIA,9
"USMINIA, 002538 (671)",USMINIA,4
"SABANA DE TIBABUYES NORTE, 009234 (672)",SABANA DE TIBABUYES NORTE,1
"ALTAMIRA, 001315 (673)",ALTAMIRA,1
"TUNA, 009261 (674)",TUNA,3
"CASABLANCA SUBA, 009215 (675)",CASABLANCA SUBA,0
"RINCON DE SANTA INES, 009217 (676)",RINCON DE SANTA INES,5
"PABLO VI NORTE, 005116 (677)",PABLO VI NORTE,2
"GIRARDOT, 003211 (678)",GIRARDOT,2
"LA TORRE, 002581 (679)",LA TORRE,4
"SAN BERNARDINO, 003201 (680)",SAN BERNARDINO,1
"QUIROGA SUR, 002204 (681)",QUIROGA SUR,0
"CANAVERALEJO, 004634 (682)",CANAVERALEJO,2
"EL VERGEL, 004106 (683)",EL VERGEL,2
"SOCIEGO, 001205 (684)",SOCIEGO,4
"ARBORIZADORA ALTA, 002573 (685)",ARBORIZADORA ALTA,0
"BETANIA, 004628 (686)",BETANIA,10
"ALTOS DEL ZIPA, 001342 (687)",ALTOS DEL ZIPA,5
"MOLINOS DEL SUR, 001414 (688)",MOLINOS DEL SUR,1
"SOSIEGO SUR, 001404 (689)",SOSIEGO SUR,9
"LA VEGA SAN BERNARDINO, 004624 (690)",LA VEGA SAN BERNARDINO,5
"QUIBA, 002530 (691)",QUIBA,4
"LA CABANA, 004632 (692)",LA CABANA,8
"DESARROLLO BRAZUELOS, 002592 (693)",DESARROLLO BRAZUELOS,3
"ARBORIZADORA ALTA I, 002460 (694)",ARBORIZADORA ALTA I,2
"NIZA NORTE, 009123 (695)",NIZA NORTE,8
"LA ALAMEDA, 002523 (696)",LA ALAMEDA,2
"LUCERO DEL SUR, 002517 (697)",LUCERO DEL SUR,9
"LA LIBERTAD, 004593 (698)",LA LIBERTAD,1
"SAN JOSE SUR ORIENTAL, 001314 (699)",SAN JOSE SUR ORIENTAL,3
"LAS AMERICAS, 007107 (700)",LAS AMERICAS,4
"SUCRE, 008112 (701)",SUCRE,1
"CENTRO NARINO, 006210 (702)",CENTRO NARINO,10
"BELLAVISTA SUR, 001313 (703)",BELLAVISTA SUR,6
"BUENAVISTA, 008535 (704)",BUENAVISTA,9
"PORVENIR, 002589 (705)",PORVENIR,3
"LAS VILLAS, 009122 (706)",LAS VILLAS,10
"SAN JOSE DE BAVARIA, 009113 (707)",SAN JOSE DE BAVARIA,1
"TIBABITA, 008521 (708)",TIBABITA,2
"TIBABITA I, 008542 (709)",TIBABITA I,10
"EL CEREZO, 008527 (710)",EL CEREZO,2
"CENTRO INDUSTRIAL, 006218 (711)",CENTRO INDUSTRIAL,5
"LA FAENA, 005666 (712)",LA FAENA,5
"EL PLAYON, 001420 (713)",EL PLAYON,8
"SAN BERNARDINO II, 004635 (714)",SAN BERNARDINO II,8
"SANTA INES SUR, 001308 (715)",SANTA INES SUR,7
"SUMAPAZ, 002553 (716)",SUMAPAZ,8
"SAN RAFAEL, 002539 (717)",SAN RAFAEL,7
"JORGE URIBE BOTERO, 004568 (718)",JORGE URIBE BOTERO,6
"VILLA GLORIA, 002549 (719)",VILLA GLORIA,10
"BARRANQUILLITA, 002525 (720)",BARRANQUILLITA,6
"LAS ANIMAS, 103104 (721)",LAS ANIMAS,3
"LAS SOPAS, 103109 (722)",LAS SOPAS,8
"CALLEJON SANTA BARBARA, 001419 (723)",CALLEJON SANTA BARBARA,9
"EL REMANSO I, 004625 (724)",EL REMANSO I,6
"LA CABANA, 001348 (725)",LA CABANA,0
"LAS MARGARITAS, 004316 (726)",LAS MARGARITAS,6
"GALAN, 004627 (727)",GALAN,4
"EL CORZO, 004631 (728)",EL CORZO,8
"OSORIO XXIII, 105223 (729)",OSORIO XXIII,4
"BRASIL, 004622 (730)",BRASIL,5
"LAS MARGARITAS, 004637 (731)",LAS MARGARITAS,8
"ISLANDIA, 004642 (732)",ISLANDIA,7
"SAN ANTONIO, 004594 (733)",SAN ANTONIO,5
"SANTA FE BOSA, 004633 (734)",SANTA FE BOSA,5
"OSORIO III, 006518 (735)",OSORIO III,8
"HIPOTECHO SUR, 004551 (736)",HIPOTECHO SUR,4
"NAZARETH URBANO, 203106 (737)",NAZARETH URBANO,6
"EL CORZO I, 004643 (738)",EL CORZO I,8
"HIPOTECHO OCCIDENTAL, 004502 (739)",HIPOTECHO OCCIDENTAL,1
"LA RESURRECCION I, 001431 (740)",LA RESURRECCION I,9
"TINTALA, 006516 (741)",TINTALA,8
"SIBERIA CENTRAL, 008220 (742)",SIBERIA CENTRAL,8
"LECH WALESA, 009227 (743)",LECH WALESA,7
"CIUDADELA EL RECREO, 004573 (744)",CIUDADELA EL RECREO,2
"SANTA BIBIANA, 008412 (745)",SANTA BIBIANA,4
"REMANSO URBANO, 004602 (746)",REMANSO URBANO,0
"EL POA, 009211 (747)",EL POA,2
"VILLAS DE GRANADA, 005647 (748)",VILLAS DE GRANADA,6
"LA FISCALA, 002590 (749)",LA FISCALA,1
"LA GAITANA ORIENTAL, 009262 (750)",LA GAITANA ORIENTAL,0
"ESCUELA DE CARABINEROS, 009132 (751)",ESCUELA DE CARABINEROS,4
"SAN BERNARDINO XVIII, 205318 (752)",SAN BERNARDINO XVIII,6
"SAN BLAS II, 001113 (753)",SAN BLAS II,8
"SAN BERNARDINO XXII URBANO, 004577 (754)",SAN BERNARDINO XXII URBANO,2
"EL PLAN, 009128 (755)",EL PLAN,9
"JUAN PABLO II, 002552 (756)",JUAN PABLO II,2
"CANTAGALLO, 009103 (757)",CANTAGALLO,3
"AREA ARTILLERIA, 002512 (758)",AREA ARTILLERIA,2
"SAN BERNARDINO XXV, 105325 (759)",SAN BERNARDINO XXV,9
"SANTA TERESA, 008503 (760)",SANTA TERESA,3
"VILLA HERMOSA, 009244 (761)",VILLA HERMOSA,1
"SAN BERNARDINO XXV URBANO, 004590 (762)",SAN BERNARDINO XXV URBANO,0
"LA ESTRELLITA, 208203 (763)",LA ESTRELLITA,7
"TIHUAQUE RURAL, 101307 (764)",TIHUAQUE RURAL,7
"EMAUS, 008202 (765)",EMAUS,0
"CEDRO NARVAEZ, 008511 (766)",CEDRO NARVAEZ,10
"LA PRADERA NORTE, 008502 (767)",LA PRADERA NORTE,3
"CIUDAD HUNZA, 009235 (768)",CIUDAD HUNZA,1
"GRAN GRANADA, 005654 (769)",GRAN GRANADA,6
"LOS CEDROS ORIENTAL, 008509 (770)",LOS CEDROS ORIENTAL,8
"TIBABITA RURAL I, 108111 (771)",TIBABITA RURAL I,9
"BOSQUE DE PINOS I, 008536 (772)",BOSQUE DE PINOS I,7
"LOS LAURELES I, 201305 (773)",LOS LAURELES I,10
"CARACOLI, 002445 (774)",CARACOLI,2
"SANTA ANA OCCIDENTAL, 008414 (775)",SANTA ANA OCCIDENTAL,7
"SANTO DOMINGO, 002426 (776)",SANTO DOMINGO,0
"EL RINCON NORTE, 009204 (777)",EL RINCON NORTE,4
"SANTA FE, 006103 (778)",SANTA FE,3
"GUALOCHE, 004552 (779)",GUALOCHE,2
"SANTA BARBARA, 003203 (780)",SANTA BARBARA,5
"VILLA GLADYS, 005637 (781)",VILLA GLADYS,8
"CORABASTOS, 004547 (782)",CORABASTOS,1
"EL CORTIJO, 005634 (783)",EL CORTIJO,0
"LAS VIOLETAS, 002633 (784)",LAS VIOLETAS,6
"MORAVIA, 006519 (785)",MORAVIA,4
"LA ASUNCION, 004203 (786)",LA ASUNCION,10
"LOURDES, 003212 (787)",LOURDES,0
"ALAMOS, 005643 (788)",ALAMOS,9
"ESPINO I, 002449 (789)",ESPINO I,3
"CEDRO SALAZAR, 008508 (790)",CEDRO SALAZAR,9
"LOS ANGELES, 005623 (791)",LOS ANGELES,2
"BOSA, 004522 (792)",BOSA,3
"RINCON DE SUBA, 009237 (793)",RINCON DE SUBA,7
"LA PENA, 003206 (794)",LA PENA,1
"LA PERSEVERANCIA, 008104 (795)",LA PERSEVERANCIA,9
"LA PEPITA, 004110 (796)",LA PEPITA,8
"MEISSEN, 002514 (797)",MEISSEN,5
"LA CONCORDIA, 003104 (798)",LA CONCORDIA,1
"BELLA FLOR SUR, 002582 (799)",BELLA FLOR SUR,7
"LA ESPERANZA NORTE, 006303 (800)",LA ESPERANZA NORTE,4
"ALCAZARES, 007302 (801)",ALCAZARES,2
"SANTA VIVIANA, 002442 (802)",SANTA VIVIANA,7
"BRISAS DEL VOLADOR, 002587 (803)",BRISAS DEL VOLADOR,4
"QUIBA URBANO, 002583 (804)",QUIBA URBANO,8
"BELEN FONTIBON, 006409 (805)",BELEN FONTIBON,7
"PARAMO I RURAL, 101110 (806)",PARAMO I RURAL,10
"BELLA FLOR, 002580 (807)",BELLA FLOR,5
"EL LAUREL, 005510 (808)",EL LAUREL,10
"EL MINUTO DE MARIA, 002564 (809)",EL MINUTO DE MARIA,4
"ARABIA, 002578 (810)",ARABIA,2
"LA CAROLINA, 008403 (811)",LA CAROLINA,6
"LA ESPERANZA SUR, 002607 (812)",LA ESPERANZA SUR,5
"POLO CLUB, 007401 (813)",POLO CLUB,2
"EL CHICO, 008308 (814)",EL CHICO,5
"LA PATRIA, 005305 (815)",LA PATRIA,4
"VILLA CARMENZA, 006417 (816)",VILLA CARMENZA,2
"EL ENCANTO, 005605 (817)",EL ENCANTO,1
"SIMON BOLIVAR, 005205 (818)",SIMON BOLIVAR,5
"SANTA CECILIA, 006301 (819)",SANTA CECILIA,7
"EL TINTAL, 105104 (820)",EL TINTAL,9
"ZONA FRANCA, 006520 (821)",ZONA FRANCA,6
"PRADO VERANIEGO NORTE, 009116 (822)",PRADO VERANIEGO NORTE,7
"CEDRITOS, 008512 (823)",CEDRITOS,3
"SABANA DEL DORADO, 005657 (824)",SABANA DEL DORADO,5
"RAMIREZ, 003210 (825)",RAMIREZ,5
"MARICHUELA, 002529 (826)",MARICHUELA,10
"QUINTAS DEL SUR, 002532 (827)",QUINTAS DEL SUR,2
"AUTOPISTA MUZU, 004403 (828)",AUTOPISTA MUZU,9
"CENTRO ADMINISTRATIVO OCC., 005109 (829)",CENTRO ADMINISTRATIVO OCC.,8
"YOMASA NORTE, 002586 (830)",YOMASA NORTE,10
"EL CHANCO RURAL III, 105403 (831)",EL CHANCO RURAL III,7
"LA GIRALDA, 006420 (832)",LA GIRALDA,7
"JORGE ELIECER GAITAN, 005201 (833)",JORGE ELIECER GAITAN,8
"TUNA BAJA, 009242 (834)",TUNA BAJA,3
"EL CONTADOR, 008514 (835)",EL CONTADOR,10
"CAMPO EUCARISTICO, 005114 (836)",CAMPO EUCARISTICO,1
"EL PANTANO, 106201 (837)",EL PANTANO,0
"SANTA RITA DE SUBA, 009255 (838)",SANTA RITA DE SUBA,7
"BERLIN, 009259 (839)",BERLIN,5
"TOSCANA, 009229 (840)",TOSCANA,10
"EL PORTAL DEL DIVINO, 002630 (841)",EL PORTAL DEL DIVINO,7
"NICOLAS DE FEDERMAN, 005106 (842)",NICOLAS DE FEDERMAN,8
"SUBA URBANO, 009212 (843)",SUBA URBANO,7
"EL MOCHUELO URBANO, 002585 (844)",EL MOCHUELO URBANO,2
"EL TINTAL II, 006522 (845)",EL TINTAL II,9
"TIHUAQUE, 001340 (846)",TIHUAQUE,0
"LOS SOCHES, 001344 (847)",LOS SOCHES,7
"SAN ANTONIO, 002102 (848)",SAN ANTONIO,10
"LAS GAVIOTAS, 001334 (849)",LAS GAVIOTAS,3
"SAN ISIDRO RURAL, 208108 (850)",SAN ISIDRO RURAL,5
"EL GUAVIO, 003205 (851)",EL GUAVIO,7
"LA RESURRECCION, 001413 (852)",LA RESURRECCION,1
"ARGELIA II, 004583 (853)",ARGELIA II,9
"SAN LUIS, 001426 (854)",SAN LUIS,9
"GRAN BRITALIA, 004557 (855)",GRAN BRITALIA,6
"LUIS CARLOS GALAN, 005661 (856)",LUIS CARLOS GALAN,5
"EL JARDIN, 004561 (857)",EL JARDIN,0
"LA CAMPINA, 004506 (858)",LA CAMPINA,0
"GRAN BRITALIA I, 004556 (859)",GRAN BRITALIA I,0
"GARCES NAVAS, 005627 (860)",GARCES NAVAS,4
"ATLANTA, 002422 (861)",ATLANTA,9
"VILLA CANDELARIA, 002579 (862)",VILLA CANDELARIA,4
"SANTA LIBRADA, 002526 (863)",SANTA LIBRADA,6
"LA CHUCUA, 009221 (864)",LA CHUCUA,4
"PARAMO URBANO, 208104 (865)",PARAMO URBANO,4
"MARIA CANO, 002429 (866)",MARIA CANO,1
"CASA BLANCA SUBA I, 009258 (867)",CASA BLANCA SUBA I,5
"NUEVA TIBABUYES, 009224 (868)",NUEVA TIBABUYES,6
"LAS BRISAS, 002430 (869)",LAS BRISAS,7
"VILLA DIANA, 001335 (870)",VILLA DIANA,6
"CIUDAD HAYUELOS, 006320 (871)",CIUDAD HAYUELOS,1
"SAN FELIPE, 007403 (872)",SAN FELIPE,10
"ATENAS, 001305 (873)",ATENAS,9
"GUIPARMA, 001429 (874)",GUIPARMA,9
"EL CURUBO, 002606 (875)",EL CURUBO,3
"LOS TRES REYES I, 002441 (876)",LOS TRES REYES I,10
"VILLA DEL CERRO, 001356 (877)",VILLA DEL CERRO,5
"TOCAIMITA SUR, 102412 (878)",TOCAIMITA SUR,4
"GALAN, 004304 (879)",GALAN,9
"LOS ARRAYANES II, 001435 (880)",LOS ARRAYANES II,9
"RINCON DE LA VALVANERA, 002419 (881)",RINCON DE LA VALVANERA,8
"ESPINO, 002423 (882)",ESPINO,10
"EL BOSQUE CENTRAL I, 002608 (883)",EL BOSQUE CENTRAL I,8
"PATIO BONITO III, 004566 (884)",PATIO BONITO III,10
"SAN JOSE DE FONTIBON, 006403 (885)",SAN JOSE DE FONTIBON,3
"BRAZUELOS OCCIDENTAL, 002591 (886)",BRAZUELOS OCCIDENTAL,1
"SERRANIAS I, 002576 (887)",SERRANIAS I,8
"AUTOPISTA MEDELLIN, 005611 (888)",AUTOPISTA MEDELLIN,3
"CENTRO USME, 202601 (889)",CENTRO USME,9
"SAN JORGE SUR, 001411 (890)",SAN JORGE SUR,7
"LA VICTORIA, 001310 (891)",LA VICTORIA,6
"PRIMERO DE MAYO, 001112 (892)",PRIMERO DE MAYO,10
"EL CHANCO I, 006525 (893)",EL CHANCO I,5
"LA MERCED, 008103 (894)",LA MERCED,7
"SAMPER MENDOZA, 006108 (895)",SAMPER MENDOZA,8
"CASABLANCA SUBA, 107102 (896)",CASABLANCA SUBA,10
"BELLAVISTA, 008305 (897)",BELLAVISTA,0
"LAS NAVETAS, 005672 (898)",LAS NAVETAS,8
"CIUDAD KENNEDY NORTE, 004514 (899)",CIUDAD KENNEDY NORTE,3
"SANTA MONICA, 005641 (900)",SANTA MONICA,0
"LISBOA, 009254 (901)",LISBOA,3
"LAS ORQUIDEAS, 008516 (902)",LAS ORQUIDEAS,10
"GARCES NAVAS ORIENTAL, 005628 (903)",GARCES NAVAS ORIENTAL,0
"GRANADA, 008204 (904)",GRANADA,2
"NUEVO TECHO, 006507 (905)",NUEVO TECHO,0
"MONTEVIDEO, 006307 (906)",MONTEVIDEO,3
"LAS ACACIAS, 008203 (907)",LAS ACACIAS,1
"TOCAIMITA ORIENTAL, 202410 (908)",TOCAIMITA ORIENTAL,6
"CHUNIZA, 002537 (909)",CHUNIZA,4
"AGUAS CLARAS, 201304 (910)",AGUAS CLARAS,10
"SANTA LUCIA, 002205 (911)",SANTA LUCIA,6
"LAS CRUCES, 003202 (912)",LAS CRUCES,6
"ARRAYANES I, 002601 (913)",ARRAYANES I,3
"QUIROGA CENTRAL, 002203 (914)",QUIROGA CENTRAL,1
"BRAVO PAEZ, 002306 (915)",BRAVO PAEZ,8
"SANTA CECILIA PUENTE NORTE, 008543 (916)",SANTA CECILIA PUENTE NORTE,3
"PUENTE GRANDE, 006418 (917)",PUENTE GRANDE,8
"CHARCO URBANO, 006411 (918)",CHARCO URBANO,10
"AURES, 009205 (919)",AURES,5
"COUNTRY CLUB, 008402 (920)",COUNTRY CLUB,5
"LA LOMITA, 107112 (921)",LA LOMITA,7
"SANTANDER, 002105 (922)",SANTANDER,8
"CENTENARIO, 002303 (923)",CENTENARIO,3
"MURILLO TORO, 002310 (924)",MURILLO TORO,4
"CENTRO ENGATIVA II, 005667 (925)",CENTRO ENGATIVA II,5
"PRADO VERANIEGO SUR, 009117 (926)",PRADO VERANIEGO SUR,8
"SALAZAR GOMEZ, 006212 (927)",SALAZAR GOMEZ,4
"LA CECILIA, 004532 (928)",LA CECILIA,3
"PUERTA AL LLANO DE USME, 002618 (929)",PUERTA AL LLANO DE USME,1
"DONA LILIANA, 001345 (930)",DONA LILIANA,8
"VERSALLES FONTIBON, 006401 (931)",VERSALLES FONTIBON,10
"RONDA, 002518 (932)",RONDA,8
"LA ESTRELLITA I, 008540 (933)",LA ESTRELLITA I,0
"CENTRO USME RURAL II, 102603 (934)",CENTRO USME RURAL II,0
"SAN EUSEBIO, 004401 (935)",SAN EUSEBIO,8
"NUEVA YORK, 004549 (936)",NUEVA YORK,4
"EL NEVADO II, 002629 (937)",EL NEVADO II,9
"SAN PEDRO DE LOS ROBLES, 006523 (938)",SAN PEDRO DE LOS ROBLES,10
"PARAMO URBANO III, 008422 (939)",PARAMO URBANO III,1
"VEREDA SUBA NARANJOS, 009249 (940)",VEREDA SUBA NARANJOS,6
"LA CABANA, 002527 (941)",LA CABANA,2
"MARIA PAZ, 006517 (942)",MARIA PAZ,10
"JUAN REY SUR, 001347 (943)",JUAN REY SUR,7
"MAZUREN, 009110 (944)",MAZUREN,1
"BOSQUE DE PINOS III, 008538 (945)",BOSQUE DE PINOS III,7
"LILIANA, 102211 (946)",LILIANA,2
"GRANJAS DE SANTA SOFIA, 001425 (947)",GRANJAS DE SANTA SOFIA,8
"SAN ISIDRO, 001406 (948)",SAN ISIDRO,1
"CASABLANCA SUBA URBANO II, 009139 (949)",CASABLANCA SUBA URBANO II,8
"VILLA ALSACIA II, 006510 (950)",VILLA ALSACIA II,5
"COOPERATIVA DE SUB-OFICIALES, 006501 (951)",COOPERATIVA DE SUB-OFICIALES,7
"CIUDAD KENNEDY ORIENTAL, 004510 (952)",CIUDAD KENNEDY ORIENTAL,1
"CHICO NORTE, 008307 (953)",CHICO NORTE,1
"LA ESPERANZA SUR I, 202204 (954)",LA ESPERANZA SUR I,3
"LA FRAGUA, 002107 (955)",LA FRAGUA,0
"LA CAMELIA, 004309 (956)",LA CAMELIA,8
"LIBERTADOR, 002305 (957)",LIBERTADOR,1
"HIPOTECHO, 004501 (958)",HIPOTECHO,6
"LA CATEDRAL, 003110 (959)",LA CATEDRAL,9
"BOSQUE DE PINOS, 008520 (960)",BOSQUE DE PINOS,0
"TOCAREMA, 004565 (961)",TOCAREMA,7
"HORIZONTES NORTE, 008533 (962)",HORIZONTES NORTE,2
"SAN VICENTE, 001309 (963)",SAN VICENTE,1
"MIRADOR DEL NORTE, 008545 (964)",MIRADOR DEL NORTE,8
"LAS AGUAS, 003103 (965)",LAS AGUAS,10
"SANTANDER SUR, 002302 (966)",SANTANDER SUR,6
"RESTREPO OCCIDENTAL, 002104 (967)",RESTREPO OCCIDENTAL,4
"EL MUELLE, 005652 (968)",EL MUELLE,1
"BOLONIA I, 002626 (969)",BOLONIA I,5
"LOS OLIVARES, 002604 (970)",LOS OLIVARES,0
"LOS LIBERTADORES, 001327 (971)",LOS LIBERTADORES,3
"EL PORTAL URBANO, 002642 (972)",EL PORTAL URBANO,10
"PALERMO SUR, 002535 (973)",PALERMO SUR,3
"SANTA ISABEL SUR, 004107 (974)",SANTA ISABEL SUR,2
"RESTREPO, 002103 (975)",RESTREPO,10
"MARCO FIDEL SUAREZ I, 001415 (976)",MARCO FIDEL SUAREZ I,2
"ANDALUCIA II, 004553 (977)",ANDALUCIA II,2
"BOSQUE DE PINOS III RURAL, 108113 (978)",BOSQUE DE PINOS III RURAL,4
"PUENTE LARGO, 009124 (979)",PUENTE LARGO,0
"EL RINCON, 009202 (980)",EL RINCON,4
"BARLOVENTO, 002417 (981)",BARLOVENTO,4
"EL REDIL, 008532 (982)",EL REDIL,7
"CORDILLERA DEL SUR, 002561 (983)",CORDILLERA DEL SUR,7
"PERDOMO ALTO, 002448 (984)",PERDOMO ALTO,5
"SAN CARLOS, 002501 (985)",SAN CARLOS,2
"TIBAQUE SUR, 102407 (986)",TIBAQUE SUR,7
"CIUDAD LONDRES RURAL, 102312 (987)",CIUDAD LONDRES RURAL,6
"SIERRA MORENA, 002439 (988)",SIERRA MORENA,1
"LA CORUNA, 002420 (989)",LA CORUNA,10
"GALICIA, 002427 (990)",GALICIA,1
"CIUDAD BOLIVAR RURAL I, 104119 (991)",CIUDAD BOLIVAR RURAL I,6
"SAN ANTONIO ENGATIVA, 005679 (992)",SAN ANTONIO ENGATIVA,10
"SAN FRANCISCO RURAL, 003215 (993)",SAN FRANCISCO RURAL,5
"LOS ANDES, 005307 (994)",LOS ANDES,5
"LAS LOMAS, 001409 (995)",LAS LOMAS,3
"TIMIZA A, 004518 (996)",TIMIZA A,0
"SURAMERICA, 001407 (997)",SURAMERICA,10
"JERUSALEN, 002434 (998)",JERUSALEN,2
"CERROS DE ORIENTE, 001428 (999)",CERROS DE ORIENTE,0
"LA CALLEJA, 008401 (1000)",LA CALLEJA,0
"LA ESPERANZA DE USME, 002615 (1001)",LA ESPERANZA DE USME,0
"EL ROSARIO, 005104 (1002)",EL ROSARIO,0
"LA PAZ, 007310 (1003)",LA PAZ,6
"SAN FERNANDO, 005203 (1004)",SAN FERNANDO,7
"PARQUE DISTRITAL SALITRE, 005112 (1005)",PARQUE DISTRITAL SALITRE,0
"PIO XII, 006505 (1006)",PIO XII,8
"SAN GABRIEL NORTE, 008406 (1007)",SAN GABRIEL NORTE,8
"EL PROGRESO USME, 002613 (1008)",EL PROGRESO USME,6
"PUERTA AL LLANO RURAL, 202511 (1009)",PUERTA AL LLANO RURAL,2
"SAN BERNARDINO XIX, 205319 (1010)",SAN BERNARDINO XIX,2
"CENTRO USME RURAL, 102601 (1011)",CENTRO USME RURAL,3
"MONTEBELLO, 001302 (1012)",MONTEBELLO,5
"MORALBA, 001316 (1013)",MORALBA,2
"ISMAEL PERDOMO, 002414 (1014)",ISMAEL PERDOMO,10
"LAS BRISAS, 001101 (1015)",LAS BRISAS,0
"SAN LUIS ALTOS DEL CABO, 008316 (1016)",SAN LUIS ALTOS DEL CABO,0
"BATAN, 009118 (1017)",BATAN,10
"VERONA, 002412 (1018)",VERONA,7
"BOLIVIA, 005675 (1019)",BOLIVIA,9
"CEMENTERIO JARDINES APOGEO, 004529 (1020)",CEMENTERIO JARDINES APOGEO,1
"DANUBIO, 002519 (1021)",DANUBIO,8
"CHICO NORTE II SECTOR, 008301 (1022)",CHICO NORTE II SECTOR,8
"EL REAL, 005604 (1023)",EL REAL,8
"TERMINAL DE TRANSPORTES, 006319 (1024)",TERMINAL DE TRANSPORTES,4
"EL PEDREGAL II, 002640 (1025)",EL PEDREGAL II,4
"LA CITA, 008504 (1026)",LA CITA,4
"SALITRE OCCIDENTAL, 006313 (1027)",SALITRE OCCIDENTAL,5
"RAFAEL URIBE, 007312 (1028)",RAFAEL URIBE,1
"LA TRINIDAD, 004306 (1029)",LA TRINIDAD,6
"LA FISCALA NORTE, 002597 (1030)",LA FISCALA NORTE,1
"TIBABUYES II, 009248 (1031)",TIBABUYES II,9
"EL TESORO, 002547 (1032)",EL TESORO,9
"POTOSI, 002431 (1033)",POTOSI,4
"ALTOS DE CHOZICA, 009222 (1034)",ALTOS DE CHOZICA,10
"CAMPIN, 007201 (1035)",CAMPIN,1
"CIUDADELA COLSUBSIDIO, 005650 (1036)",CIUDADELA COLSUBSIDIO,7
"COMUNEROS, 002543 (1037)",COMUNEROS,7
"ARBORIZADORA BAJA, 002432 (1038)",ARBORIZADORA BAJA,10
"TIMIZA B, 004530 (1039)",TIMIZA B,8
"LAS ACACIAS RURAL, 205225 (1040)",LAS ACACIAS RURAL,5
"EL GACO, 005669 (1041)",EL GACO,1
"CIUDAD BOLIVAR RURAL III, 104118 (1042)",CIUDAD BOLIVAR RURAL III,0
"SAN FELIPE DE USME, 002621 (1043)",SAN FELIPE DE USME,4
"LOS ALPES, 001312 (1044)",LOS ALPES,2
"EL CEDRO, 005629 (1045)",EL CEDRO,9
"EL TRIANGULO, 201302 (1046)",EL TRIANGULO,1
"VENECIA, 002404 (1047)",VENECIA,5
"ESCUELA MILITAR, 005310 (1048)",ESCUELA MILITAR,3
"GRANADA SUR, 001301 (1049)",GRANADA SUR,4
"VENECIA OCCIDENTAL, 002403 (1050)",VENECIA OCCIDENTAL,5
"ESCUELA GENERAL SANTANDER, 002405 (1051)",ESCUELA GENERAL SANTANDER,2
"SANTA ANA, 008408 (1052)",SANTA ANA,9
"EL RUBI, 004536 (1053)",EL RUBI,2
"LA REQUILINA, 002632 (1054)",LA REQUILINA,1
"SANTA CECILIA, 207801 (1055)",SANTA CECILIA,3
"TIBAQUE I, 201306 (1056)",TIBAQUE I,8
"EL REFUGIO I, 002617 (1057)",EL REFUGIO I,6
"SAN VICENTE FERRER, 002402 (1058)",SAN VICENTE FERRER,5
"EGIPTO, 003105 (1059)",EGIPTO,8
"ESPARTILLAL, 008312 (1060)",ESPARTILLAL,6
"EL NOGAL, 008311 (1061)",EL NOGAL,4
"CALVO SUR, 001210 (1062)",CALVO SUR,5
"EL BOSQUE CENTRAL, 102406 (1063)",EL BOSQUE CENTRAL,5
"JIMENEZ DE QUESADA, 004523 (1064)",JIMENEZ DE QUESADA,9
"TUNAL ORIENTAL, 002401 (1065)",TUNAL ORIENTAL,4
"GINEBRA, 008405 (1066)",GINEBRA,5
"LA ORQUIDEA DE USME, 002614 (1067)",LA ORQUIDEA DE USME,6
"NIZA SUR, 009109 (1068)",NIZA SUR,7
"LA ANDREA, 002524 (1069)",LA ANDREA,0
"OSORIO X URBANO, 004616 (1070)",OSORIO X URBANO,8
"SAN CRISTOBAL NORTE, 008505 (1071)",SAN CRISTOBAL NORTE,2
"ESTRELLA DEL NORTE, 008519 (1072)",ESTRELLA DEL NORTE,9
"EL BOSQUE SUR ORIENTAL RURAL II, 102309 (1073)",EL BOSQUE SUR ORIENTAL RURAL II,2
"TIBABUYES, 009257 (1074)",TIBABUYES,8
"EL NUEVO PORTAL, 002616 (1075)",EL NUEVO PORTAL,5
"CHIGUAZA RURAL, 101308 (1076)",CHIGUAZA RURAL,4
"EL DORADO, 005664 (1077)",EL DORADO,9
"LA ESTRADA, 005502 (1078)",LA ESTRADA,7
"SANTA CECILIA, 009256 (1079)",SANTA CECILIA,4
"SANTA ROSA BAJA, 103103 (1080)",SANTA ROSA BAJA,3
"LA PRIMAVERA I, 002443 (1081)",LA PRIMAVERA I,10
"EL PINAR, 001324 (1082)",EL PINAR,4
"MONTES, 004204 (1083)",MONTES,8
"SAN ANTONIO DEL MIRADOR, 002451 (1084)",SAN ANTONIO DEL MIRADOR,9
"AUTOPISTA SUR, 004404 (1085)",AUTOPISTA SUR,2
"SAN CAYETANO, 009230 (1086)",SAN CAYETANO,4
"CHICO SUR, 004595 (1087)",CHICO SUR,0
"LA CAROLINA DE SUBA, 009236 (1088)",LA CAROLINA DE SUBA,8
"ARBOLEDA SANTA TERESITA, 001362 (1089)",ARBOLEDA SANTA TERESITA,8
"SAN JOSE DEL PRADO, 009106 (1090)",SAN JOSE DEL PRADO,5
"PARQUE POPULAR SALITRE, 005115 (1091)",PARQUE POPULAR SALITRE,10
"USATAMA, 006110 (1092)",USATAMA,7
"ESTRELLA, 007106 (1093)",ESTRELLA,5
"MOCHUELO ALTO URBANO, 204131 (1094)",MOCHUELO ALTO URBANO,5
"MADELENA, 002415 (1095)",MADELENA,5
"MODELO SUR, 001209 (1096)",MODELO SUR,5
"LA HORTUA, 001208 (1097)",LA HORTUA,9
"LOS ARRAYANES, 102401 (1098)",LOS ARRAYANES,5
"TIMIZA C, 004581 (1099)",TIMIZA C,2
"PERDOMO ALTO, 002450 (1100)",PERDOMO ALTO,8
"JORGE GAITAN CORTES, 004210 (1101)",JORGE GAITAN CORTES,5
"LA ESTRADITA, 005504 (1102)",LA ESTRADITA,5
"BOCHICA, 004211 (1103)",BOCHICA,5
"EL PENON DEL CORTIJO, 002433 (1104)",EL PENON DEL CORTIJO,1
"CLASS, 004535 (1105)",CLASS,3
"BELEN, 003204 (1106)",BELEN,3
"PARAMO URBANO I, 008420 (1107)",PARAMO URBANO I,5
"ENGATIVA EL DORADO, 106301 (1108)",ENGATIVA EL DORADO,10
"JUAN JOSE RONDON I, 001336 (1109)",JUAN JOSE RONDON I,3
"MONACO, 009111 (1110)",MONACO,5
"SANTA TERESA DE SUBA, 009238 (1111)",SANTA TERESA DE SUBA,10
"EDUARDO FREY, 002301 (1112)",EDUARDO FREY,0
"CEDRITOS DEL SUR, 002574 (1113)",CEDRITOS DEL SUR,8
"NUEVO MUZU, 002409 (1114)",NUEVO MUZU,1
"LA VALVANERA, 002455 (1115)",LA VALVANERA,5
"PRIMAVERA, 005617 (1116)",PRIMAVERA,9
"BELLA SUIZA, 008404 (1117)",BELLA SUIZA,9
"LA CABANA FONTIBON, 006402 (1118)",LA CABANA FONTIBON,9
"BOSQUE DE LOS ALPES, 001339 (1119)",BOSQUE DE LOS ALPES,1
"GUADALUPE, 004563 (1120)",GUADALUPE,7
"EL RETAZO, 004533 (1121)",EL RETAZO,10
"PROVIVIENDA, 004504 (1122)",PROVIVIENDA,8
"CIUDAD JARDIN NORTE, 009108 (1123)",CIUDAD JARDIN NORTE,2
"EL CEDRO, 005662 (1124)",EL CEDRO,9
"VILLA ALCAZAR, 009263 (1125)",VILLA ALCAZAR,2
"BOLIVIA ORIENTAL, 005640 (1126)",BOLIVIA ORIENTAL,5
"SANTA ROSA, 005402 (1127)",SANTA ROSA,2
"JOSE JOAQUIN VARGAS, 005101 (1128)",JOSE JOAQUIN VARGAS,9
"QUINTA PAREDES, 006209 (1129)",QUINTA PAREDES,5
"EL EJIDO, 006206 (1130)",EL EJIDO,5
"LOS ALAMOS, 005626 (1131)",LOS ALAMOS,9
"JUAN REY (LA PAZ), 001325 (1132)",JUAN REY (LA PAZ),6
"PARAMO III RURAL, 108114 (1133)",PARAMO III RURAL,0
"MARANDU, 005665 (1134)",MARANDU,7
"LAGUNITAS URBANO, 002595 (1135)",LAGUNITAS URBANO,10
"MUZU, 002413 (1136)",MUZU,6
"BOLONIA, 002605 (1137)",BOLONIA,2
"GUACAMAYAS III, 001354 (1138)",GUACAMAYAS III,5
"LA BELLEZA, 001338 (1139)",LA BELLEZA,9
"EL PARAISO, 008110 (1140)",EL PARAISO,1
"ALMIRANTE COLON, 009218 (1141)",ALMIRANTE COLON,1
"LOS TRES REYES, 002446 (1142)",LOS TRES REYES,3
"CENTRAL DE MEZCLAS, 002562 (1143)",CENTRAL DE MEZCLAS,7
"PRIMAVERA II, 002428 (1144)",PRIMAVERA II,1
"JUAN JOSE RONDON, 002557 (1145)",JUAN JOSE RONDON,7
"SAN DIEGO-BOSA, 004513 (1146)",SAN DIEGO-BOSA,1
"CIUDAD BOLIVAR, 002453 (1147)",CIUDAD BOLIVAR,6
"SAN FRANCISCO, 002515 (1148)",SAN FRANCISCO,1
"MARIA CRISTINA, 008205 (1149)",MARIA CRISTINA,8
"CHIGUAZA URBANO, 001358 (1150)",CHIGUAZA URBANO,0
"IBERIA, 009115 (1151)",IBERIA,9
"LOS CEREZOS, 005616 (1152)",LOS CEREZOS,9
"VILLA LUZ, 005614 (1153)",VILLA LUZ,4
"SIBERIA, 008221 (1154)",SIBERIA,5
"NORMANDIA OCCIDENTAL, 005606 (1155)",NORMANDIA OCCIDENTAL,6
"LA SERENA, 005613 (1156)",LA SERENA,4
"LA GRANJA, 005610 (1157)",LA GRANJA,1
"NIZA SUBA, 009112 (1158)",NIZA SUBA,4
"SIBERIA  II, 201503 (1159)",SIBERIA  II,1
"FLORIDA BLANCA, 005621 (1160)",FLORIDA BLANCA,9
