"",10001
"Belmira",10002
"Las_Acacias",10003
"Carmen del Sol I Sector",10004
"Urb. Furatena",10005
"Chapinero Occidental",10006
"Los Libertadores Sector San Ignacio",10007
"La Arboleda II",10008
"El Mirador Sector Molinos del Sur",10009
"Callejón de Santa Bárbara Sur",10010
"La Alquería",10011
"El Salitre Sector Luís Maria Fernández",10012
"Chaparral",10013
"Bosque de los Pinos",10014
"El Tintal - Santa Helena",10015
"Barrancas II Sector",10016
"Dorado Norte",10017
"Florida - Panamericano",10018
"Santa Clara",10019
"Ciudad Montes III Sector",10020
"La Playa 2",10021
"Urb. La Chocita",10022
"Diana Turbay",10023
"Sidel - Terrazas de Oriente",10024
"Bellavista Los Pantanos",10025
"Bavaria Techo II Sector",10026
"S.C. Nuevo Techo",10027
"Ciudad de Cali",10028
"Carvajal II",10029
"Urb. Catalina",10030
"Villas de Kennedy",10031
"Villas de Kennedy II",10032
"Corabastos",10033
"La_Maria",10034
"Gran Britalia",10035
"Parque El Tunal",10036
"Castilla la Nueva",10037
"Alférez Real",10038
"El Vergel La Promesa",10039
"Bosconia",10040
"Villa Emilia - Amparo II Sector",10041
"Villa de la Torre II",10042
"Pió XII",10043
"S.C. Osorio II - La Magdalena Ciudad Tintal",10044
"El Triángulo Ciudad Techo",10045
"El Patio III Sector",10046
"Lucerna",10047
"Jazmín Occidental",10048
"Jacqueline",10049
"Perpetuo Socorro",10050
"San Martín de Porres I",10051
"S C. La Paz Bosa",10052
"Villa Clemencia Sector Tierra Grata",10053
"Vegas de Santa Ana",10054
"Floralia II Sector",10055
"Catalina",10056
"Kennedy Supermanzana 6 A",10057
"Floralia I Sector",10058
"Las Amercias Occidental I",10059
"Las Americas La Triguera",10060
"Calandaima",10061
"Villa del Río II Sector",10062
"S.C La Paz Bosa",10063
"San José II Sector",10064
"Caldas",10065
"S.C. Osorio Diez",10066
"Villa Natalia",10067
"Holanda Sector Caminito",10068
"Santa_Isabel",10069
"S.C. Los Laureles",10070
"Villa Estella",10071
"San Juanito",10072
"Urb. La Avenida",10073
"San Eugenio II",10074
"Kasay de los Venados 2",10075
"Los Arrayanes Suba Naranjos",10076
"Niza Suba - San Tadeo San Lorenzo",10077
"Villa Maria I Sector",10078
"El Porvenir Norte",10079
"La Victoria Oriental",10080
"San Francisco Parte Alta",10081
"Coasmedas",10082
"Urb. Torres de Suba",10083
"La_Esperanza",10084
"Tibabuyes II Sector 2",10085
"Niza Suba - Los Palos",10086
"Rincón de Britalia",10087
"S.C. Atenas",10088
"S.C Atenas",10089
"Rodrigo Lara Bonilla",10090
"Taguay",10091
"S.C Prado Veraniego Norte",10092
"S.C. Las Villas",10093
"Tuna Alta Sector Pedregal",10094
"Quintas de Ipanema",10095
"Urb. Eucaliptos de la Colina",10096
"Floresta del Sur",10097
"Nueva Marsella II Sector",10098
"Pió X - Urb. El Carmen",10099
"Pió X",10100
"El Tintal",10101
"Villa Mary",10102
"Muzu_",10103
"Centro Administrativo",10104
"Polo Club",10105
"S.C. Marco Fidel Suárez I",10106
"La Paz_",10107
"San Agustín",10108
"El Carmen Tuna Baja",10109
"Porvenir Parcela 33",10110
"La Almeria",10111
"Urb. Cerros del Tabor",10112
"Urb. Arcos de Cantalejo",10113
"Los Álamos - Parque Industrial El Dorado",10114
"Linterama",10115
"San Vicente Sur Oriental",10116
"La Gran Colombia",10117
"S.C. Canadá o Guira",10118
"El Ruby",10119
"Almonacid",10120
"San_Joaquín",10121
"S.C. La Estación Bosa",10122
"Villa Nhora",10123
"Urb. Batavia",10124
"Nueva Granada II Sector Tiboli",10125
"Holanda III Sector",10126
"La Isabela I Etapa",10127
"Los Álamos - Urb. Avianca",10128
"S.C. Bosque Popular",10129
"Las Ferias",10130
"Miramar",10131
"Bosques de Mariana",10132
"S.C. Altamira",10133
"Bochica I y II Sector",10134
"Bolivia Oriental III Etapa",10135
"El Ramajal San Pedro",10136
"Urb. Iberia",10137
"Arcos de Britalia",10138
"Los Portales del Norte II",10139
"Portales del Norte Marbella",10140
"Britalia",10141
"Tuna Baja III y III_A",10142
"Villa_Esperanza",10143
"Cedritos",10144
"S.C. La Carolina",10145
"Urb. Tanque de Santa Lucia",10146
"Terrazas de San Jorge",10147
"Galerías",10148
"Nuevo Muzu II Sector 1 A Etapa",10149
"Venecia",10150
"Country Club",10151
"El Moral",10152
"Babilonia",10153
"S.C Arboleda Sur",10154
"Costa Rica La Esperanza",10155
"Ciudad Cooperativa La Libertad",10156
"Balmoral Norte",10157
"El Verbenal II Sector",10158
"Maranta I y II y III Sector",10159
"Cedro Norte",10160
"Urb. Torres de Madeira",10161
"Santa Cecilia Baja",10162
"Benjamín Herrera",10163
"Urb. Los Eliseos",10164
"S.C. Bellavista",10165
"S.C. Granjas de San Pablo",10166
"S.C. San Agustín",10167
"La Portada III Sector",10168
"El Portugal Brasil",10169
"Argelia II",10170
"San Martín",10171
"Danubio II y III",10172
"S.C Parcela El Porvenir",10173
"San_Pablo",10174
"Santiago III",10175
"Veracruz II Sector",10176
"S.C. Brisas Aldea Fontibón",10177
"S.C. Los Álamos",10178
"Granjas de San Pablo",10179
"S.C Julio Florez",10180
"Ciudad Bachue II Etapa",10181
"Villa Cristina",10182
"S.C Santa Teresa de Suba",10183
"La Reconquista",10184
"Franco",10185
"Sabanalarga",10186
"Arboleda Sur",10187
"Country Comodoro",10188
"San_Isidro",10189
"Ospina Pérez",10190
"El Tapete",10191
"Urb. Arabia",10192
"Suramérica",10193
"Santa Mónica",10194
"S.C. La Salle",10195
"La Macarena",10196
"Pablo VI Etapa II",10197
"Biblioteca Virgilio Barco",10198
"Urb. Picadelly",10199
"La Pepita Norte",10200
"La Perseverancia",10201
"Urb. Parque Empresarial Santa Helena",10202
"Torres de Centenario",10203
"Puente Aranda",10204
"El Cerro Parte Baja (Villa Nydia)",10205
"Santa Cecilia Parte Baja",10206
"Prados de Salitre II",10207
"El Tablón",10208
"Morumbi",10209
"S.C. San Cristóbal Sur",10210
"Baquero",10211
"Popular Modelo",10212
"Gran América",10213
"Ortezal Cádiz",10214
"Piamonte Occidental",10215
"Quinta Paredes",10216
"Florida",10217
"Primavera Norte - San Francisco",10218
"Macondo El Carmen",10219
"Avenida Caracas",10220
"El Salitre Parte Alta",10221
"La Aurora",10222
"Sauces II",10223
"S.C. Santa Fe Bosa",10224
"Urb. Caldas",10225
"S.C. La Independencia",10226
"La Azucena Sector El Triángulo",10227
"Niza Suba - Pino Alto",10228
"Porvenir",10229
"S.C. Ciudad Jardín Norte",10230
"Villa Cecilia",10231
"Gustavo Restrepo",10232
"Santa Rita de Suba",10233
"Jardines del Cabo",10234
"Java II Sector",10235
"Santa Mónica",10236
"Villa del Campo II Sector",10237
"S.C. San José Sur",10238
"Fundación Hospital San Carlos",10239
"Julio Florez - Urb. Ingrura",10240
"Alejandría",10241
"Niza Suba - Los Eucaliptos",10242
"S.C. Granada Norte",10243
"Villa El Dorado Norte",10244
"El_Encanto",10245
"Los Álamos - Urb. Industrial Parayas",10246
"Condominio Álamos",10247
"Eduardo Santos",10248
"El_Lucero",10249
"Quirigua Central",10250
"Villa Gladys IV Sector",10251
"Nuevo Milenio (En Tramite)",10252
"Los Arrayanes",10253
"La_Estanzuela",10254
"La Libertad IV Etapa",10255
"La Libertad Sector Magnolia",10256
"San Luís I y II",10257
"S.C. La Paz Bosa",10258
"SC. La Paz Bosa",10259
"La Vega De San Bernardino Bajo",10260
"San Pablo II Sector",10261
"Nueva Granada",10262
"San Bernardino Sector II",10263
"Urb. Los Hayuelos",10264
"Villa Anni Bosa Naranjos",10265
"El Llano Sector Fandino",10266
"Kasandra",10267
"Brasil Sector San Jorge",10268
"Villa Alegre",10269
"La Esmeralda_",10270
"El Paraíso__",10271
"Danubio III",10272
"Urb. San Alejo",10273
"La Chucua I Sector",10274
"El Pinar de Suba",10275
"Finca El Arrayán San Jacinto - Tibabuyes",10276
"Potosí",10277
"Ciudad Jardín Norte - Villas de Covaria",10278
"Urb. Iberia III Sector",10279
"San José Oriental",10280
"San Blass II Sector",10281
"Torres de Gratamira",10282
"Palermo Sur Los Arrayanes",10283
"Alquería de la Fragua",10284
"Santa Bárbara Alta",10285
"S.C San Cristóbal Sur",10286
"Ilarco - Los Molinos de Ilarco",10287
"Desarrollo Metropolitan Club",10288
"Bosque de Pinos III",10289
"Las Lomas",10290
"Tunalito",10291
"Urb. Portal Real",10292
"Villa Carolina",10293
"Alicante I y II",10294
"S.C. El Playón",10295
"San_Miguel",10296
"Los Alcázares - Urb. Supercenter",10297
"La Floresta (Hacienda)",10298
"San Martín (Villa Neiza)",10299
"El Molino",10300
"Las Torres del Royal",10301
"Gorgonzola",10302
"El Carmen Fontibón",10303
"La Resurrección IV Sector",10304
"Avenida Décima II Sector",10305
"S.C. Bellavista Occidental",10306
"El Triunfo Sur",10307
"Las Lomas - Mirador de Santa Sofía",10308
"El Alto de las Brisas II",10309
"Camino Viejo de San Cristóbal",10310
"El_Jardín",10311
"Santa Bárbara Central I y II",10312
"S.C Villa Carmenza",10313
"Flandes",10314
"Los Laureles Sur Oriental II Sector",10315
"Santa Ana Sur",10316
"Buenos Aires II Sector",10317
"San Luís",10318
"S.C. El Carmen Fontibón",10319
"Cantalejo",10320
"Providencia Alta",10321
"San_Felipe",10322
"San_Martín",10323
"Rincón del Puente - Quinta Catania",10324
"Ciudad Kennedy Norte Supermanzana 9 A",10325
"Castilla Real - Santa Maria de los Ángeles",10326
"Arenera Buenavista",10327
"Metrópolis",10328
"Entrerios - Urb. Alma Industrial",10329
"S.C. La Patria - Barrio San Martín",10330
"S.C. Bosque de Pinos",10331
"Concepción Norte",10332
"Urb. El Paraíso",10333
"Los Bohíos de Hunza III Sector",10334
"Prados de Suba",10335
"Galán - El Portal del Castillo",10336
"Remanso Sur",10337
"Urb. Aragón",10338
"El Regreso",10339
"El Encanto",10340
"Los Chircales",10341
"Tibana II Sector - Parques de Primavera",10342
"Cerros de Oriente",10343
"Pinos de Lombardia",10344
"El Redil",10345
"La Picota",10346
"S.C. Engativa El Dorado",10347
"San Ignacio",10348
"El Encanto - Urb. Los Nogales",10349
"El Cerrito (Lote)",10350
"Niza Suba - Urb. Ancadam",10351
"Britalia San Diego 2",10352
"Camino Viejo",10353
"S.C. Santiago Pérez",10354
"Suba Naranjos San Carlos (Predio)",10355
"Bosque de San Carlos",10356
"La Capilla de Suba",10357
"Urb. Los Arrayanes",10358
"Bogotano I Sector",10359
"Urb. Montevideo 1a. Etapa",10360
"S.C. San Norte",10361
"La_Primavera",10362
"S.C. Paris Gaitan",10363
"San",10364
"Urb. El Tabor",10365
"San Francisco Parte Alta II",10366
"Iberia Portoalegre",10367
"S.C. Batan",10368
"Urb. Altamar",10369
"Conjunto Residencial Tayazal",10370
"S.C. Prado Veraniego Norte",10371
"Bosques de Medina",10372
"Rocío Oriental",10373
"S.C. Barrancas",10374
"El Guavio",10375
"La Reserva del Palmar",10376
"Vista_Hermosa",10377
"S.C. El Bagazal",10378
"Altos de Montecarlo",10379
"Berice",10380
"Torca - La Suiza A (Predio)",10381
"Pontetresa (Predio)",10382
"Brasil Sector Acacias",10383
"El Refugio de la Colina II",10384
"Colpatria Santa Helena",10385
"S.C. Vereda Suba Naranjos",10386
"Bellavista",10387
"Urb. Floresta Norte II Sector",10388
"Vista Bella",10389
"El Porvenir",10390
"Los Cerezos San Joaquín",10391
"Fontanar del Río 2",10392
"Campiña del Restrepo",10393
"Nueva España Parte Alta",10394
"Santander_",10395
"El_Mortiño",10396
"Marco Fidel Suárez Sector La Cañada",10397
"Nuestra Señora de la Paz San Javier",10398
"El_Otoño",10399
"Mirador de la Campiña II Sector",10400
"Rincón de la Campiña",10401
"Restrepo - Urb. Alfonso López Pumarejo",10402
"La Fraguita",10403
"Sevilla",10404
"San_Antonio",10405
"El Balcón de la Castaña",10406
"5 de Noviembre",10407
"Villas del Mediterráneo",10408
"El Jordán II",10409
"S.C. San José de Fontibón",10410
"Bosque El Retiro",10411
"San Fason",10412
"S.C. Chico Norte III Sector",10413
"S.C. Quinta Camacho",10414
"Chico Norte - Urb. Conjunto de la Cien",10415
"La Esperanza_",10416
"Parques de Primavera",10417
"S.C. La Riviera",10418
"El Mirador 2",10419
"Santa Sofía de Vitelma",10420
"Conjunto Hotelero Los Rosales",10421
"San Pablo_",10422
"San Fernando Occidental - Urb. Av. Chile",10423
"S.C. Moralba",10424
"Los Ángeles 2",10425
"San Jacinto",10426
"San José Engativa",10427
"El Mirador",10428
"La Marcela",10429
"San José V Sector",10430
"Aguas Claras",10431
"Puerta de Teja - El Triángulo",10432
"Villa de los Alpes II Sector",10433
"Villa Anita Sur Oriental",10434
"Quindío II Sector",10435
"Urb. La Fortaleza",10436
"Engativa - La Verbena Villa Viviana",10437
"Patio Bonito",10438
"Nueva Zelanda",10439
"Zamudio",10440
"La Portada_",10441
"Los Girasoles",10442
"Florencia II Sector",10443
"Siberia - Bosque Calderón Tejada",10444
"Escuela_de Artillería",10445
"Las Brisas",10446
"Pablo VI Etapa I",10447
"Santa Librada Engativa Centro",10448
"Sumapaz",10449
"Villa Gladys",10450
"Canadá San Luís",10451
"San Isidro II_Sector",10452
"Chico Alto",10453
"S.C. San Bernardino XXV",10454
"S.C. El Retiro",10455
"S.C. Maria Cristina",10456
"La Alhambra Sector Sur",10457
"Las Margaritas Sector I y II",10458
"SC. Bosa Brasil",10459
"Villa Colombia",10460
"El Cauce",10461
"La Esmeralda",10462
"Mazuren",10463
"S.C. Los Sauces",10464
"Los Sauces Sector Cedros",10465
"Villa Clemencia",10466
"Urb. Clarelandia del Sur",10467
"S.C. Villa Anny I y II",10468
"San José E",10469
"Kasay de los Venados 1",10470
"Villas de Vizcaya",10471
"Condominios del Recreo",10472
"San José del Prado - Urb. Echeverría",10473
"Urb. El Totumo",10474
"Urb. Maitama Costa Azul",10475
"Cerros del Jura",10476
"Casablanca Sector El Pinar",10477
"San Pedro I Sector",10478
"Altos del Rincón",10479
"Villa Elisa - Urb. Villa Estella",10480
"Multifamiliar Neptuno II",10481
"Niza Norte - Ocales de Niza",10482
"Niza Norte - Urb. Calatrava",10483
"Urb. Maitrella",10484
"Urb. Costabelda",10485
"Diana Turbay Arrayanes",10486
"San José (Parcelación)",10487
"La Gaitana",10488
"Londres (Lombardia III)",10489
"San Pedro II Sector",10490
"Tejares del Norte",10491
"La Maria (Predio)",10492
"S.C Britalia",10493
"Ginebra",10494
"El Palmar IV",10495
"El Triángulo",10496
"Bello Horizonte II Sector",10497
"Ciudad Salitre - Urb. Industrial Los Cambulos",10498
"Brisas del Galán",10499
"S.C. Villa Gladys",10500
"Avenida Cundinamarca",10501
"Villa Claudia II",10502
"Las Dos Avenidas II Etapa",10503
"S.C. Cerros de Oriente",10504
"Urb. Multifamiliar las Brisas",10505
"Urb. Nogales de la Colina",10506
"Escuela de_Artillería",10507
"Rincón de San Andrés",10508
"San_Dionisio",10509
"El Arrayán",10510
"La Isabela II Etapa",10511
"S.C. La Faena",10512
"Los Cerezos Sector La Esperanza",10513
"Gran Granada",10514
"San Jerónimo del Yuste",10515
"Recreo de Los Angeles 1 y 2",10516
"Villas de Granada",10517
"Internacional",10518
"El Dorado 2",10519
"S.C. El Tintal II",10520
"Villa Dolly",10521
"La Laguna Fontibón",10522
"Prado Veraniego Norte - Urb. Nuevo Horizonte",10523
"El Portal I y II Sector",10524
"Cementerio Jardines Apogeo",10525
"Rincón de Boyacá",10526
"Salitre II Sector",10527
"Camino Verde Etapa I",10528
"S C. Tuna Alta",10529
"Urb. San Juanito",10530
"Diana Carolina",10531
"Villa Nataly 20 de Julio",10532
"Marandu - San Jacinto",10533
"Álamos Norte",10534
"Primero de Mayo",10535
"S.C Ciudad Londres I",10536
"Urb. Primero de Mayo",10537
"Atenas",10538
"Urb. Las Gaviotas",10539
"Bosque de San José",10540
"Parque Nacional Oriental",10541
"Urb. Los Tilos",10542
"Urb. La Cofradía",10543
"El Bogotano II",10544
"Serranías de Suba",10545
"Los Ángeles - Portal de Santa Inés (Proyecto Urb.)",10546
"Bochica II",10547
"Urb. Miradores de Suba y Urisa",10548
"S.C. El Dorado",10549
"Palermo Sur Santa Fonseca",10550
"Urb. Los Nogales de Suba",10551
"Los_Puentes",10552
"Tunal Sector II",10553
"Santa Maria I y II Sector",10554
"S.C. Santa Inés Sur",10555
"Urb. Cerro San Vicente",10556
"Buenavista Suroriental",10557
"La Castellana Occidental",10558
"Nuevas Malvinas El Triunfo",10559
"Marco Fidel Suárez",10560
"La Granja II",10561
"Usaquén - Urb. Portal de Siena",10562
"Villa Javier",10563
"Ciudadela Colsubsidio",10564
"El Alto de las Brisas",10565
"Cedro Madeira",10566
"Las_Margaritas",10567
"Santa Bárbara Central II Sector",10568
"Urb. Prado Grande",10569
"Terminal de Transportes",10570
"Diana Turbay S.C. San Agustín",10571
"Ciudadela Maria Micaela",10572
"El Arpa y La Lira",10573
"Urb. Moore La Colina",10574
"Pueblo Nuevo",10575
"Kalatea",10576
"La Aurora Salitre Suba",10577
"San Fernando Occidental",10578
"Mirador de Barroco",10579
"Iberia",10580
"Almendros de Suba",10581
"Sabana Grande",10582
"Granjas de Namur",10583
"San José de Fontibón",10584
"Alamedas de Timiza II",10585
"La Ponderosa",10586
"La Guaca IV Sector",10587
"Tejar",10588
"Mirador II",10589
"Callejón de Santa Bárbara Suroriental",10590
"El Jazmín I Sector",10591
"San Juan Bosco",10592
"La Orquídea III Sector",10593
"Urb. San Lorenzo",10594
"Sotileza",10595
"La Granja",10596
"S.C. Libertador",10597
"Palo Blanco",10598
"Agrupación El Rincón",10599
"Granada Norte",10600
"Urb. Gavilanes",10601
"Rincón Escuela",10602
"Sindamanoy",10603
"Nueva Tibabuyes",10604
"San Rafael Norte",10605
"Prado Pinzon",10606
"Alaska",10607
"Villa del Prado",10608
"Santa Rosa de Guaymaral",10609
"Los Balcanes Vitelma",10610
"Urb. Entre Ríos",10611
"Juan Rey",10612
"Bosque de los Andes",10613
"La Patricia (Urb. Industrial)",10614
"S.C. El Triángulo",10615
"Torca",10616
"Santa Lucia",10617
"S.C. Julio Florez",10618
"Rincón de Suba",10619
"Los Mortiños (Predio)",10620
"Nuestra Señora de la Paz",10621
"Antonio Nariño",10622
"La Cabaña (S.C. La Faena)",10623
"Las Colinas-Sector Divino Niño",10624
"San Jorge Central II Sector",10625
"El Pino",10626
"Martinica",10627
"El Rincón de Bosa",10628
"Mitrani",10629
"Las Flores I (Finca)",10630
"Carlos Alban Sector Israelita",10631
"San Antonio",10632
"Andalucía__",10633
"La Independencia II Sector",10634
"Los Sauces",10635
"Villa Delia Britalia Norte",10636
"Sauces de Suba",10637
"La Floresta de Suba",10638
"Los Robles",10639
"Verona",10640
"Urb. Barandillas de Suba",10641
"Las Mercedes Tuna Alta",10642
"Urb. Carimagua I",10643
"El Triángulo El Manantial",10644
"Santa Bárbara Occidental",10645
"Santa Bárbara Oriental",10646
"San Carlos Norte",10647
"La Libertad",10648
"S.C. Siberia",10649
"Chico Reservado II Sector",10650
"Portal Privaver II",10651
"El Dorado Industrial - Santa Isabel (Hacienda)",10652
"Los Andes - Vizcaya II Sector",10653
"La Castellana - Urb. Paseo de la Castellana",10654
"Urb. El Cerro de Tuna Alta",10655
"Miraflores_",10656
"Las Galias",10657
"San Vicente Ferrer",10658
"El Carmen_",10659
"Quirigua Sector F",10660
"Urb. El Jardín",10661
"S.C. Sucre",10662
"La Faena",10663
"La Riviera",10664
"Los Cerros",10665
"Florencia 2",10666
"Centro Administrativo Occidental - CAN",10667
"Altos de Bellavista",10668
"Cerros del Castillo",10669
"Urb. El Lago del Paraíso",10670
"Ingemar - El Triángulo",10671
"Puente Grande Florencia",10672
"S.C. Santa Lucia",10673
"Aures II - Santa Bárbara",10674
"Villa Flor",10675
"Villa Liliana",10676
"Centro Industrial de Construcción",10677
"Belalcazar",10678
"Urb. Bosques del Sur",10679
"S.C. La Fiscala Norte",10680
"La Florida Occidental",10681
"Villa Del Mar - Urb. Tierragrata",10682
"Marandu - Urb. Fiorita",10683
"Centro Engativa II - Urb. Ebenezer",10684
"Sabanas del Dorado I",10685
"La Sierra",10686
"Urb. Nueva Roma Oriental Dardanelos",10687
"San Isidro II Sector",10688
"San Isidro",10689
"S.C. Páramo",10690
"Modelia Occidental",10691
"Rincón de Modelia",10692
"Urb. Avenida Centenario",10693
"Tibabuyes II",10694
"Costa Rica",10695
"Nuevo Monterrey",10696
"Casa Blanca II",10697
"Villa Gloria I",10698
"Potosí Sector I",10699
"Urb. El Rincón de Provenza",10700
"S.C El Pino",10701
"Urb. Carimagua II",10702
"Julio Florez - Urb. Ocasa",10703
"Urb. Pontevedra Sector I",10704
"Urb. Atenas",10705
"S.C. Barrancas Oriental",10706
"La Emilia",10707
"Castilla",10708
"Nueva Esperanza",10709
"Villa Elvira",10710
"Villa Anita",10711
"Miraflores Kennedy",10712
"Urb. Kennedy Supermanzana 2",10713
"Ciudad Kennedy Norte Urb. Francisco José De Caldas",10714
"Las Americas_",10715
"Altos de Ipanema",10716
"Sabana de Tierra Buena III",10717
"Palermo Sur Las Brisas",10718
"La Soledad Norte",10719
"Los Cedritos",10720
"San Antonio Noroccidental",10721
"Urb. San Diego",10722
"San José Occidental",10723
"Altamar",10724
"Ciudad del Bosco",10725
"S.C. Villa Nelly III Sector",10726
"Naranjos Altos Ciudad Hunza",10727
"El Vergel",10728
"Los Pinos de Marsella",10729
"Senderos de Castilla",10730
"El Olivo",10731
"Boita I Sector",10732
"Tocarema",10733
"Las_Palmeras",10734
"Nueva York II",10735
"Morabia II",10736
"Pastranita II Sector",10737
"Arbolete",10738
"S.C. La Magdalena - San Luís",10739
"Ciudad Kennedy Oriental Supermanzana 16",10740
"Ciudad Kennedy Supermanzana 7",10741
"Banderas",10742
"Onasis",10743
"Bosques de Castilla",10744
"S.C. Delicias",10745
"El Progreso II Sector",10746
"La Igualdad La Rivera Real",10747
"Villa Claudia",10748
"Ciudad Techo II",10749
"Sabanas de Tierra Buena I",10750
"Acuarela II",10751
"S.C Gualoche",10752
"Villa Karen",10753
"Santa_Marta",10754
"Niza Suba - Villavaduz",10755
"San Felipe Ciudad Jardín Norte",10756
"San Pedro II",10757
"Bosalinda Hidelbrando Olarte",10758
"Andes Norte  - Urb. Portobello",10759
"Andes Norte - Urb. Bosques del Norte",10760
"Urb. Salamanca",10761
"Charles De Gaulle II",10762
"Manzanares",10763
"Jiménez De Quesada",10764
"Nuevo San Antonio",10765
"El Motorista",10766
"Quintas del Recreo Etapa 5",10767
"S.C. San Bernardino XIX",10768
"La Pradera El Volcán",10769
"Guacoche",10770
"Niza Suba - Urb. San Gregorio",10771
"La Floresta Norte",10772
"San Isidro Tuna",10773
"Tuna La Mulera",10774
"Atardeceres de Suba",10775
"Niza Suba - El Rincón del Jura",10776
"Urb. Áticos del Norte",10777
"Niza Suba - Los Magnolios",10778
"Santa_Catalina",10779
"Ditmarcia",10780
"Los Alpes Cerro los Lagartos",10781
"Urb. Monte Verde y Colina Linda",10782
"Chesnut Hill",10783
"Urb. Kyra",10784
"Iberia - Altamira",10785
"Costa Azul I Etapa",10786
"Iberia - Santa Ana",10787
"Portales del Norte - Claret Norte",10788
"Villa Olga",10789
"Quimran Condominio",10790
"Colpatria Santa Helena II Sector",10791
"Los Tejares de Suba (Predio)",10792
"Zulia",10793
"Los Naranjos - Rincón de Suba",10794
"S.C. Los_Naranjos",10795
"Tibabita - El Caramely",10796
"Salitre I Sector",10797
"Acapulco",10798
"Niza Suba - Monteniza",10799
"Prado Sur Sector La Villa",10800
"Las Villas Sector III",10801
"Santa Ana Suba Naranjos",10802
"Arboleda de Suba",10803
"S.C. Espartillal",10804
"Tafur Morales",10805
"Cama Vieja",10806
"El Pedregal",10807
"Urb. Piedra Verde",10808
"Berlín_",10809
"San Carlos de Tibabuyes",10810
"Colina Campestre I Sector",10811
"Tuna Baja Las Mercedes",10812
"Los Arrayanes de Suba",10813
"Riobamba II",10814
"El Jordán I",10815
"Tara II",10816
"La Poderosa y El Porvenir (Lote)",10817
"Lombardia",10818
"Las Vegas",10819
"Sabanas del Dorado II",10820
"El Cucharo",10821
"Muzu",10822
"Los Libertadores",10823
"El Bosque de los Molinos",10824
"Antonio Morales II",10825
"La Granja Norte",10826
"San José de las Pistas",10827
"Ferrocaja",10828
"Nueva Esperanza",10829
"El Progreso",10830
"Primavera Occidental",10831
"Republica del Canadá El Pinar",10832
"Los Libertadores Sector La Colina",10833
"Urb. Acapulco",10834
"Urb. Rodesia",10835
"Montevideo_",10836
"Pantanito",10837
"Velódromo",10838
"Urb. Caja Social de Ahorros San Cristóbal",10839
"S.C. Velódromo",10840
"Urb. Central - Jorge Gaitan Cortes",10841
"Centro Fontibón",10842
"Boston",10843
"Bosque Calderón Tejada II Sector",10844
"La Alameda",10845
"Las Aguas",10846
"Veracruz__",10847
"San_Bernardo",10848
"Atanasio Girardot",10849
"Balcones de Suba",10850
"S.C. San Ignacio",10851
"La_Concordia",10852
"Villa Sandra",10853
"Bellavista Sector Lucero",10854
"Tunjuelito",10855
"Urb. El Moral",10856
"Urb. Santa Rosa - Rincón de Venecia",10857
"Bosques de Granada",10858
"Príncipe de Bochica",10859
"Santa Helena_",10860
"El Jazmín II Sector",10861
"El Pantano - Junca y Montecitos",10862
"Ciudadela Industrial El Dorado",10863
"Niza Norte",10864
"San Jerónimo",10865
"Las Palmeras_",10866
"Río de Janeiro El Pesebre",10867
"S.C. La Picota Oriental",10868
"Normandia Multifamiliar Covimac",10869
"Vereda Tibabuyes - Fontanar del Río",10870
"Palma Aldea La Juanita",10871
"Canódromo",10872
"Prado Sur",10873
"Ciudad Hunza",10874
"Karimagua Conejera",10875
"Roselandia (Finca)",10876
"Valparaíso",10877
"El Vergel",10878
"Santa Inés Sur",10879
"El Refugio Sur",10880
"El Triunfo",10881
"Páramo I",10882
"Arauquita II Sector",10883
"Villa Sonia I",10884
"Brasil I Sector Villa Diana",10885
"Villas del Rincón",10886
"Britalia Sector La Moneda",10887
"El Encenillal",10888
"Española III Sector",10889
"La Castaña",10890
"Santa Rosita La Cañada",10891
"La Cabaña",10892
"El Otoño",10893
"Brasil López Piñeros",10894
"La Cabaña II Sector",10895
"Umbría",10896
"S.C. El Corzo",10897
"Gran Granada II Etapa",10898
"La Estanzuela II Sector",10899
"Betania",10900
"San Judas La Estación",10901
"Carlos Alban Holguín Nueva Granada",10902
"Piamonte I Etapa",10903
"El Porvenir San Bernardo",10904
"Villas del_Progreso",10905
"Escocia IV Sectores I-II-III",10906
"Brasil II 2a. Etapa",10907
"La_Paz",10908
"Altamira Bosa Linda",10909
"San Roque (Predio)",10910
"El Zarzal",10911
"El Triángulo_",10912
"Urb. Portal de los Pinos",10913
"Los Tulipanes",10914
"Tuna Alta Sector El Bosque",10915
"Villa_Cristina",10916
"Santa Rosa - Potosí I y II",10917
"Santa Beatriz (Predio)",10918
"S.C. Vereda Suba Cerros",10919
"Java II Sector 2",10920
"Torreladera",10921
"Urb. Los Nogales de Tibabuyes",10922
"S.C. Tibabuyes",10923
"Recodo del Country",10924
"Las Areneras",10925
"El_Vergel",10926
"Bella Suiza",10927
"Urb. Santacoloma",10928
"Santa Bárbara Norte",10929
"Santa Bárbara Central II",10930
"Santa Teresa",10931
"Urb. Mendiguaca",10932
"Urb. El Cebadero",10933
"Rafael Uribe",10934
"Ciudadela Colsubsidio 4 Sector",10935
"Carlos Lleras Restrepo",10936
"San Antonio_Norte",10937
"Altos del Sol",10938
"La Colmena",10939
"S.C. Calvo Sur",10940
"Buenos Aires III Sector",10941
"El Laurel",10942
"Brisas Aldea",10943
"Rionegro",10944
"La Arboleda_",10945
"El Pino - Valverde de la Vera",10946
"S.C Tibaque",10947
"S.C. El Pino",10948
"Villa Gladys - Urb. Industrial La Agustina",10949
"Estradita Ciudad de Honda",10950
"El Refugio",10951
"Monteredondo Salitre Suba",10952
"S.C. Boyacá",10953
"Ingemar - Urb. Nuevo Asís",10954
"Tuna Baja III Sector - Santa Isabel",10955
"Selva Dorada",10956
"Santa Teresita",10957
"Villa Hilda (En Tramite)",10958
"Puerta del Sol Engativa",10959
"Centro Engativa II - Lituania",10960
"Santa Rita Sur Oriental II Etapa",10961
"Vista Hermosa - El Bagazal",10962
"Bosques de Karon",10963
"Sierras del Chico",10964
"S.C. Parcela El Porvenir",10965
"Urb. Solar I",10966
"San Pedro",10967
"Danubio",10968
"La Veguita",10969
"San José II_Sector",10970
"Urb. Llano Oriental",10971
"La Primavera_",10972
"El Portal del Sol",10973
"La Alborada",10974
"Urb. La Floresta IV Sector",10975
"Iberia - Granada",10976
"Andes Norte - Las Palmas de la Flora",10977
"Teusaca",10978
"Urb. Piedemonte",10979
"Andes Norte - Urb. La Rabida",10980
"San Antonio Norte II Sector",10981
"Niza Suba - Quimbaya San Carlos",10982
"Urb. Tropicana",10983
"Arizona II",10984
"San Luís",10985
"S.C. Sabana del Dorado",10986
"San Bernardo",10987
"El Retazo",10988
"La Isabela",10989
"Sabana de Tibabuyes",10990
"S.C Tuna Baja",10991
"Lombardia IV",10992
"Provenza",10993
"S.C. Parque Nacional_Oriental",10994
"Agrupación  Multifamiliar El Rosario",10995
"Ingemar - Arbos II",10996
"Berlín",10997
"Villaluz",10998
"Onasis II - Sinai",10999
"La Guaca",11000
"Vereda El Verjo",11001
"Altos de Chozica - Urb. Otraparte",11002
"Julio Cesar Turbay - S.C. San Francisco Rural",11003
"El Rincón de la Victoria Bellavista",11004
"Chircales",11005
"Santa Maria - Recinto de San Francisco",11006
"S.C. Los Arrayanes II",11007
"Sagrado_Corazón",11008
"Urb. El Bosque",11009
"San Agustín II Sector",11010
"Carvajal",11011
"Centenario",11012
"Quinta Reyes",11013
"El Libertador",11014
"El Retiro de Suba",11015
"Atenas I",11016
"S C. Casablanca Suba",11017
"La Esmeralda (Predio)",11018
"Córdoba",11019
"S.C. Santa Teresa de Suba",11020
"Los Álamos - Urb. Torrecampo",11021
"Juan Rey II",11022
"Urb. Corkidi",11023
"Urb. El Juncal",11024
"Britalia - El Pijao de Oro",11025
"El Rincón de los Ángeles",11026
"La Rivera",11027
"Abraham Lincon",11028
"Tunal Sector_I",11029
"Favidi",11030
"El Parque",11031
"Lagos De Timiza II",11032
"Villa Nelly III los Alisos",11033
"Dindalito I Etapa",11034
"Pinar del Río",11035
"Valladolid",11036
"El_Castillo",11037
"El_Pénsil",11038
"Tundama",11039
"El Paraíso_",11040
"Nueva York",11041
"Perpetuo Socorro II",11042
"Puente La Vega",11043
"Urb. Bengala",11044
"Ciudad Kennedy Centro Cívico",11045
"Kennedy Sur Supermanzana 10",11046
"Las Luces",11047
"Las Margaritas",11048
"Urb. Balcón de Suba",11049
"Kennedy Norte Supermanzana 12 A",11050
"Las Amercias Sector Galán",11051
"La Dulcinea",11052
"Barrio El Tintal",11053
"Tierra Buena del Porvenir I",11054
"Tierra Buena del Porvenir II",11055
"Conjunto Residencial Quintas de Tierra Buena",11056
"Urb. Ambalo",11057
"Monte Carlo",11058
"Berlín de Bosa La Libertad III",11059
"S.C. 20 De Julio",11060
"Urb. Bosque de los Alpes",11061
"S.C. Modelia Occidental",11062
"Mallorca",11063
"Cantalejo Sector Alejandría",11064
"Montearroyo",11065
"Escuela de Caballería II",11066
"La Glorieta",11067
"Cerros de Santa Bárbara",11068
"San Justino",11069
"Altos de la Maria",11070
"El Recodo Republica de Canadá",11071
"Cartagena",11072
"Gran Colombia",11073
"El Cerrito",11074
"Mirador Los Molinos II Sector",11075
"Polo Club - Colombiana de Capitalización II Sector",11076
"Polo Club - Brasilia",11077
"El_Salitre",11078
"El Salitre A.S.D.",11079
"Portal de la Uribe",11080
"Nuevo Horizonte",11081
"Buenavista II_Sector",11082
"Terrazas de San Ángel",11083
"Subata",11084
"Los Sauces Norte",11085
"Muequeta",11086
"La Pradera",11087
"S.C. San Luís",11088
"Los Pijaos",11089
"La Florida Alto de Pijaos",11090
"S.C. Britalia",11091
"Urb. Guiparma",11092
"S.C. Molinos del Sur",11093
"La Almeria_",11094
"Jorge Gaitan Cortes",11095
"Urb. Carrera 32 186-07",11096
"Los Almendros",11097
"Altamar II Sector",11098
"Timiza - Agrupación De Vivienda Tonoli",11099
"Class",11100
"Salem",11101
"El Rincón - Urb. San Gabriel",11102
"Onasis II",11103
"El Condado de la Paz - Villa Verónica",11104
"Marsella Aloha Sector Norte",11105
"Andalucía",11106
"Ciudad Techo I",11107
"Marsella",11108
"Campo_Hermoso",11109
"El_Rosario",11110
"El Progreso",11111
"Vegas de Santa Ana - Samaria",11112
"S.C. Cementerio Jardines Apogeo",11113
"Nueva Marsella I Sector",11114
"El Progreso I Sector",11115
"El Rubí II",11116
"Osorio XII",11117
"Talavera",11118
"Alquería de la Fragua Urb. Sinaloa",11119
"Urb. Los Cristales - Urb. La Rebeca",11120
"Las Margaritas Occidental",11121
"Tundama II Etapa",11122
"Ciudad Kennedy Oriental Supermanzana 5",11123
"Santa Marta",11124
"Los Condominios Tierra Buena II",11125
"Casa Nueva",11126
"S.C. El Remanso I",11127
"Brasil Sector Portaly Castillo",11128
"El Porvenir Sector Brasil",11129
"Andalucía II",11130
"Pablo VI",11131
"Villas del Velero",11132
"El Tejar",11133
"El Velero",11134
"New Jersey",11135
"Urb. La Esperanza",11136
"San José A",11137
"San José C",11138
"Santiago de las Atalayas",11139
"Urb. Veracruz",11140
"Parque Residencial Cayambe",11141
"Urb. Las Colinas de Suba",11142
"Campo Hermoso",11143
"El Paraíso de los Apóstoles",11144
"Gratamira",11145
"Atenas - Hibernia",11146
"Los Eucaliptos",11147
"Suba Mirador Reservado",11148
"La Sultana",11149
"San José del Prado - Multifamiliar Neptuno",11150
"San José del Prado - Acarigua",11151
"San José del Prado - Urb. Los Sauces del Norte",11152
"El Bosque Reservado",11153
"Techo",11154
"Mandalay",11155
"Santa Rosa del Carvajal - Torres de las Americas",11156
"Riberas de Occidente Segundo Sector",11157
"Sabanas de Tierra Buena II",11158
"Ciudadela Tierra Buena II",11159
"Lombardia III",11160
"El Minuto de Dios",11161
"San Marino",11162
"S.C. La Maria",11163
"S.C. Vitelma",11164
"Almagrario",11165
"Las Mercedes",11166
"Usatama",11167
"La Catedral",11168
"Bosques de San José",11169
"Britalia - Las Mercedes",11170
"S.C. Tintala - Ciudadela Nueva Castilla",11171
"Vereda Suba Cerros - Mirador del Espino",11172
"Normandia IV Sector",11173
"Los Azafranes",11174
"Porvenir III",11175
"El_Progreso II_Sector",11176
"Villa Magda",11177
"Ciudad Jardín Norte",11178
"Urb. Compostela",11179
"Bilbao I Sector",11180
"Zahori",11181
"Los Pinos Florencia",11182
"La Fragua",11183
"Niza Suba - Bosques de Álava",11184
"San Norte",11185
"Tisquesusa",11186
"S.C El Dorado",11187
"Granada Sur",11188
"Manila",11189
"La Arboleda",11190
"San Cayetano",11191
"San_Pedro",11192
"Piedra Herrada",11193
"Villa Gladys - La Esperanza",11194
"Bosque Calderón Tejada III Sector",11195
"Rubén Vallejo",11196
"S.C. Charco",11197
"Salitre",11198
"San Basilio",11199
"Bochica Compartir",11200
"Corpacero",11201
"Prado Centro",11202
"Moralva",11203
"Urb. El Paseito I y III Sector",11204
"Palermo Sur Oswaldo Gómez",11205
"La Victoria",11206
"Urb. El Chital II Sector",11207
"Hilanderas Fontibón",11208
"Nueva Villemar",11209
"Guadual Fontibón",11210
"Ciudadela Real",11211
"Polo Club - Urb. El Lago",11212
"La_Carolina",11213
"Santa Sofía Sur",11214
"S.C. Las Mercedes",11215
"El Ferrol",11216
"San Isidro Norte",11217
"El Verbenal - Ayamonti",11218
"Tibabita II",11219
"La Franja de Buenavista",11220
"Horizontes Usaquén",11221
"Tibabita I",11222
"Los_Olivos",11223
"S.C. Gran Britalia",11224
"S.C. El Danubio Azul",11225
"Armenia",11226
"El Recodo y Petaluna",11227
"San Jorge Gloria Gaitan",11228
"El Mirador Sur I y II",11229
"S.C. Marruecos",11230
"Azucena",11231
"S.C Osorio Diez",11232
"S.C Jiménez de Quesada",11233
"Villa de Suaita",11234
"La Paz San Ignacio Las Vegas",11235
"La Palma",11236
"Bosa Nova",11237
"Casablanca Sector El Plan",11238
"Villa de las Flores",11239
"Luís Carlos Galán",11240
"Urb. El Portal de la Fontana",11241
"Santa Rosa",11242
"El Dorado Industrial - La Esperanza (Predio)",11243
"Los Faroles de Santa Inés",11244
"El Cedro",11245
"Altos de Chozica - La Judea",11246
"Palermo Sur San Marcos",11247
"Lisboa_",11248
"Alameda del Sur",11249
"El Doradito",11250
"Portal de los Hayuelos",11251
"Balcones y Portales del Country",11252
"Usaquén - Casa Cristo Rey",11253
"S.C Las Mercedes",11254
"S.C. Ortezal",11255
"El Dorado",11256
"Villa Gladys_",11257
"La Providencia",11258
"El Consuelo S.C. Arboleda Sur",11259
"La Esperanza Alta",11260
"La Merced Sur",11261
"Avenida Caracas II",11262
"El Mirador",11263
"Huertos de la Estancia",11264
"Pablo VI Norte",11265
"Parque Simón Bolívar",11266
"Centro Industrial",11267
"El Verbenal I",11268
"Santa Felisa",11269
"California",11270
"San Miguel_",11271
"Valladolid - A.S.D.",11272
"Acevedo Tejada",11273
"Resurrección",11274
"El_Consuelo",11275
"S.C. San Diego Bosa",11276
"El Rincón de las Villas",11277
"Santa Bárbara Central I Sector",11278
"Corinto",11279
"La Estación",11280
"La Azucena",11281
"La Vega_",11282
"La Unión",11283
"S.C. Osorio XXIII",11284
"Claretiano",11285
"Santander",11286
"S.C. San Bernardino XVII",11287
"Barcelona",11288
"Miraflores",11289
"Juan XXIII",11290
"La Castellana",11291
"El Poblado",11292
"Los Alcaparros",11293
"Urb. Las Pléyades",11294
"Almeria de San Luís",11295
"Atenas El Velero",11296
"La Serranía Sector Cultivos",11297
"S.C Ferrocaja",11298
"Urb. Cofradía",11299
"Urb. Jardines del Norte",11300
"Jardines de Oriente",11301
"Andalucía_",11302
"S.C. Quiroga Sur",11303
"S.C. Olaya",11304
"Oasis de San Jorge",11305
"Parques del Campo",11306
"Los Alcaparros de Suba",11307
"Urb. El Bosque de Suba",11308
"Guadalcazar de Sotileza",11309
"Los Libertadores Sector San Luís",11310
"San Martín de Loba",11311
"S.C. Hoya San Cristóbal",11312
"Chico Norte - Urb. La Gran Vía",11313
"Urb. Montevideo Mz 13B",11314
"San Juan",11315
"Torres del Country",11316
"Usaquén",11317
"El_Triunfo_",11318
"Centro Norte Usaquén",11319
"Parcelación Tibabita",11320
"San_Juanito",11321
"Gran América - El Parque",11322
"El_Triángulo",11323
"Media Luna",11324
"Pablo VI - Urb. Montana Quirinal III Etapa",11325
"Villa Begonia",11326
"El Balcón",11327
"Ramírez",11328
"S.C. Gilmar",11329
"Govaroba",11330
"La_Aurora",11331
"Ciudad Salitre Nororiental",11332
"El Refugio de San Antonio",11333
"Rincón del Karmel",11334
"Tibabita I Sector",11335
"Tibabita",11336
"El Verbenal III Sector",11337
"El Verbenal - Urb. Alquería 183",11338
"Ismena II",11339
"Canapro",11340
"La Perla Oriental",11341
"El Rosario",11342
"S.C. José Joaquín Vargas",11343
"Britalia - Las Margaritas",11344
"La Trinidad",11345
"Santa Bárbara_",11346
"S C. Parque Nacional Oriental",11347
"Carmen del Sol",11348
"S.C. Marco Fidel Suárez",11349
"Urb. Madrid",11350
"Hacienda Los Molinos",11351
"Villa del Carmen",11352
"Veracruz",11353
"Palmitas - La Vega I",11354
"Villa Alsacia Ciudadela",11355
"Bavaria I Sector",11356
"Villa Alsacia",11357
"Horizonte Occidente",11358
"Argelia",11359
"Britalia San Diego",11360
"Nueva Timiza",11361
"Villa Timiza",11362
"El Comité",11363
"Jorge Uribe Botero - Villa Andrea",11364
"Lagos De Timiza I",11365
"El Palenque",11366
"Pastranita I Sector",11367
"Villa Sagrario",11368
"Visión de Colombia",11369
"El Almenar",11370
"Alfonso López Michelsen",11371
"El Tintal La Pampa II",11372
"Villa Galante",11373
"Glorieta de las Americas",11374
"Santa Rosa del Carvajal",11375
"Santa Catalina Sector II",11376
"Villa Castilla - El Triángulo",11377
"Santa Mónica_",11378
"Ciudad Hunza - La Esperanza I",11379
"S.C. Osorio II - San Ignacio Vereda El Tintal",11380
"Patio Bonito I Sector",11381
"Ciudad Galán",11382
"Casablanca II",11383
"Fe y Alegría",11384
"Las Torres",11385
"El Progreso II",11386
"Casablanca - Urb. Manuel Mejia",11387
"Casablanca I",11388
"Guicani",11389
"Milenta II Sector",11390
"El Triángulo",11391
"Centro Americas",11392
"El Triunfo de las Americas",11393
"Hipotecho Occidental II",11394
"Ciudad Kennedy Supermanzana 11",11395
"La Flor Ciudad Hunza",11396
"Los Condominios deTierra Buena I",11397
"El Llano Sector Guzmán",11398
"Santa_Inés",11399
"Las Margaritas III",11400
"S C. San Bernardino Potreritos",11401
"Hermanos Barragán",11402
"El Corzo",11403
"La Esperanza I y II",11404
"Villa_Carolina",11405
"San José B",11406
"El Arenal",11407
"Las Villas de Mariana",11408
"S.C Vereda Suba Naranjos",11409
"Vista Hermosa",11410
"La Victoria Norte",11411
"Lagos de Córdoba",11412
"San Carlos (Predio)",11413
"Villa Salónica",11414
"Villa Catalina",11415
"Villa_Alexandra",11416
"El Portal de las Mercedes",11417
"San Francisco (Predio)",11418
"Palma Aldea",11419
"La Igualdad",11420
"Ciudad Kennedy Supermanzana 13 San Jorge",11421
"Kennedy Supermanzana 15",11422
"Marsella Sector Norte Segunda Etapa",11423
"Urb. Hacienda los Molinos",11424
"Los Alpes (Agrupación de Vivienda)",11425
"Kasay Etapa 1 y 2",11426
"S.C. Escocia Rural",11427
"Laureles III",11428
"Cantalejo Portal de San Diego",11429
"Santa Fe",11430
"El_Dorado",11431
"Valle Verce",11432
"S.C Siberia",11433
"Torres del Diamante",11434
"Los Arreboles",11435
"Urb. del Monte",11436
"El Pinar (Predio)",11437
"La Salina",11438
"Nuevo Corinto",11439
"Macarena de los Alpes",11440
"La Selva",11441
"Los Alpes II Sector",11442
"Los Cerecitos y Los Cerezos",11443
"S.C. Primavera",11444
"Santa_Mónica_",11445
"Ciudad de Londres",11446
"San Manuel",11447
"S.C. Prado Veraniego Sur",11448
"Los Puentes",11449
"Vitelma",11450
"S.C. Santa Rosa",11451
"La Portadita",11452
"Altamira Chiquita",11453
"Rincón de San Ignacio",11454
"S.C. La Gloria Oriental",11455
"La Palma el Cóndor",11456
"El Porvenir Parcela 23",11457
"San José del Prado - Urb. La Manuelita",11458
"La Calleja Santacoloma",11459
"Pinar de la Calleja",11460
"Granjas y Huertas El Ramajal",11461
"Verbenal II Sector",11462
"Acegrasas",11463
"Urb. Padua",11464
"Granada Sur III Sector",11465
"El_Mirador",11466
"Govarova II",11467
"Los Molinos Parcelación 80 y 81",11468
"Gilmar",11469
"Santa_Sofía",11470
"Medellín",11471
"Santa_Maria",11472
"Los Cipreses",11473
"Villa Constanza",11474
"La Estrellita",11475
"Barrancas",11476
"Don Bosco",11477
"Milán Barrancas",11478
"Quinta Mutis",11479
"Santa Margarita",11480
"Las Pastorcitas",11481
"Compartir Suba",11482
"Popular Modelo - Urb. Ciudadela de los Parques",11483
"Urb. Los Sauces",11484
"El_Laurel",11485
"Urb. La Floresta V Sector",11486
"Urb. Lagos de Córdoba",11487
"Conejera Las Mercedes Suba",11488
"Rincón del Cedro",11489
"Magdala I Etapa",11490
"La Esperanza Britalia",11491
"Santa Bárbara Central IV Sector",11492
"S.C. Casablanca Suba",11493
"El Rincón Santa Helena",11494
"Urb. Ana Maria",11495
"S.C. San Bernardino XXII",11496
"Bosa las Terrazas",11497
"Batallón Caldas",11498
"Villa Beatriz",11499
"Puerta de_Teja",11500
"La Giralda",11501
"Acacias Usaquén",11502
"Tapas La Libertad",11503
"Las Margaritas I Sector",11504
"Ginebra Norte",11505
"Bahía Solano",11506
"La Giralda II Sector",11507
"S.C. Villa Alsacia",11508
"Villemar",11509
"Visión Semindustrial",11510
"Plenitud La Calleja",11511
"Guacamayas III Sector",11512
"Francisco Vega",11513
"Marco Fidel Suárez II Sector",11514
"Laguneta",11515
"Urb. Montebello",11516
"Pardo Rubio",11517
"Rincón de los Molinos",11518
"Callejón de Santa Bárbara II",11519
"Colombia",11520
"San Rafael",11521
"Barcelona - Urb. Los Eucaliptos",11522
"Jorge Eliécer Gaitan",11523
"Los Alcázares",11524
"Polo Club - Colombiana de Capitalización I Sector",11525
"Villa Andrea",11526
"Tibabita El Reposo",11527
"La Llanurita II",11528
"La Llanurita",11529
"La Frontera",11530
"Santa Paz - Santa Elvira",11531
"Casa Blanca Norte",11532
"Teusaquillo",11533
"El_Recuerdo",11534
"Galán - Urb. Los Arrayanes",11535
"San Marcos",11536
"Predio Caldas",11537
"Islandia",11538
"La Ilusión",11539
"S.C. Puerto Rico",11540
"El Pite",11541
"La Cita 2",11542
"El Toberín Mz 28",11543
"Las Orquídeas",11544
"El Triángulo Sector Materas",11545
"Recreo Reservado",11546
"Niza Suba - Torres del Camino",11547
"El Cerezo y San Pedro",11548
"Jerez de la Frontera",11549
"S.C. Bosques de San Jorge",11550
"Chambacu Conejera",11551
"El Escorial",11552
"Urb. El Moral II",11553
"Urb. Plaza Vallarta",11554
"Oikos Teucali San Antonio",11555
"La Chucua - La Trinitaria",11556
"Costa Azul II Etapa",11557
"Avenida Décima",11558
"Ciudad Mónaco",11559
"Urb. La Manuelita",11560
"Urb. La Palma I",11561
"Urb. Oikos Panorama",11562
"El Vergel_",11563
"La Esperanza",11564
"Mirandela (La Cartaja)",11565
"Prado Veraniego",11566
"Alameda",11567
"Pirámide",11568
"La Cecilia",11569
"Rocío Centro Oriental",11570
"Urb. Ayacucho Sur",11571
"Las Guacamayas",11572
"Normandia",11573
"Parcelación Guaymaral",11574
"S.C. Las Mercedes Suba",11575
"Triángulo Alto",11576
"La Esperanza Nororiental",11577
"Santa fe (Predio)",11578
"S C La Paz Bosa",11579
"La Riviera_",11580
"Recreo de San Ignacio",11581
"El Jordán La Esperanza",11582
"S.C. Vereda Suba Cerros II",11583
"Fontanar del Río",11584
"El Pañuelito",11585
"Viña del Mar",11586
"Divino_Niño",11587
"Nuestra Señora de la Paz San Benito",11588
"Brasil López y Piñeros",11589
"Nuestra Señora de la Paz IV Sector",11590
"Nariño Sur",11591
"S.C. Cataluña",11592
"Ciudad Berna",11593
"La Cabaña II_Sector",11594
"Prados de la Campiña",11595
"Buenavista",11596
"San Cristóbal Norte 2",11597
"Toberín",11598
"El Codito",11599
"Urb. Quintas de la Sabana",11600
"Vitelma Ciudadela Parque de la Roca",11601
"Casapanda",11602
"Jericó",11603
"La Castellana - Villa Calazans",11604
"San Rafael Sur Oriental",11605
"Villa Gladys - Urb. Parque Industrial Bonaire",11606
"Sabana del Dorado - San Luís (En Tramite)",11607
"Metrópolis_",11608
"S.C. El Paraíso",11609
"Dorado_Norte",11610
"La Isla",11611
"La Reliquia",11612
"Bello Horizonte III Sector",11613
"San Isidro_Sur",11614
"Urb. Prados de Altamira",11615
"Panorama (Antes Altamira)",11616
"Quindío",11617
"S.C. Chapinero Central",11618
"Villa_Anita",11619
"Siberia - Nacedero II",11620
"Urb. Av. Circunvalar",11621
"El Palmar I y II",11622
"Villa Catalina III Sector",11623
"Inles - Comfamiliares Aseguradores II",11624
"La Esmeralda",11625
"La Primavera II",11626
"Banco Central",11627
"Bosque de los Comuneros",11628
"Estación Central",11629
"El Muelle I",11630
"Santa Helena_",11631
"Los Libertadores Bosque Diamante Triángulo",11632
"El Paraíso Urb. Antioquia",11633
"Urb. Camino Verde",11634
"La Cabrera",11635
"S.C. Granada",11636
"Iragua",11637
"Torres de San Rafael",11638
"Altos de San Sebastián",11639
"Moravia",11640
"La Moneda Britalia",11641
"San Isidro La Capilla",11642
"La Azucena Sector Triángulo",11643
"José Maria Carbonell I y II",11644
"San Bernardino Potreritos",11645
"El Limonar",11646
"Urb. Vergeleto",11647
"El Palmar",11648
"La Paz San Ignacio Sector La Esperanza",11649
"La Veguita IV Sector",11650
"Danubio Azul I y II Sector",11651
"Grancolombiano II Sector",11652
"Urb. San_Diego",11653
"San Pedro_",11654
"Casa Grande 1",11655
"Niza Suba - El Balcón de Lindaraja",11656
"Escuela de Carabineros",11657
"La Conejera 2 Etapa",11658
"El Pino - Urb. Altamira",11659
"El Edén",11660
"S.C. Estoril",11661
"Los Andes",11662
"Urb. Versalles",11663
"Niza Sur",11664
"S.C Casablanca Suba",11665
"S.C. Las Flores",11666
"Refugio de Suba (Granjas Popayán)",11667
"Niza Suba - Urb. Palos Verdes",11668
"Teusaquillo de Suba",11669
"Provenza (Lote San Carlos)",11670
"Gloria Lara De Echeverry II",11671
"Urb. Las Lomitas",11672
"Prado Sur el Triunfo",11673
"San José de Usaquén",11674
"Pinar Alto - Pinar II",11675
"La Esperanza I",11676
"Lourdes_",11677
"Los Cipreses y Las Acacias",11678
"Orquídeas II Sector",11679
"Los Almendros del norte",11680
"Villa Maritza",11681
"Urb. San Pedro",11682
"El Bosque_",11683
"Chicala",11684
"Ciudad Jardín Norte - Portal de la Colina",11685
"El Porvenir_",11686
"S.C. Pardo Rubio",11687
"Las Salinas",11688
"Bosque de San Antonio",11689
"San Pedro de los Robles",11690
"Los Monjes",11691
"El Lujan",11692
"Villa Gladys II",11693
"Bosques de Normandia",11694
"Las Acacias",11695
"Belén",11696
"El Toche",11697
"Urb. Santa Mónica",11698
"Veimas",11699
"Egipto",11700
"El Pireo",11701
"Urb. La Zerrezuela",11702
"Tuna Alta Almeira",11703
"El Batan - Belomar",11704
"Santa Bárbara II Sector",11705
"Paraíso de Bavaria",11706
"El Futuro",11707
"Rincón de Zarzamora",11708
"Casa Grande 3",11709
"Santa Isabel Sur",11710
"El_Portal",11711
"Terranova Club",11712
"Rincón del Pinar",11713
"Bellavista y Unicerros",11714
"Las Mercedes II",11715
"Villas del Dorado San Antonio II Sector",11716
"Villa Claver I y II",11717
"El Triunfo - Balcones del Triunfo",11718
"San Isidro_II",11719
"El Angulo",11720
"Malvinas",11721
"Urb. Colmena I Los Pinares",11722
"Atenas_",11723
"Urb. Cofradía II Sector",11724
"El Refugio La Zelfita",11725
"Julio Florez - Centro Industrial Bodegones la 68",11726
"El Laurel - La Europa",11727
"Los Álamos II Sector",11728
"S.C. Los Ángeles",11729
"Villa Cristina III Etapa",11730
"Urb. Sidel",11731
"S.C. Bellavista Sur",11732
"S.C. Club de los Lagartos",11733
"Urb. El Coquimbo",11734
"La Reconquista (Villa Esther)",11735
"Palermo Sur Brisas",11736
"Santa Bárbara - Batallón Guardia Presidencial",11737
"Urb. El Rodeo",11738
"Santa Sofía",11739
"Torres de Modelia",11740
"Ferrocaja_",11741
"Esperanza",11742
"Acapulco_",11743
"Sauzalito",11744
"Remanso",11745
"Los Ángeles del Oriente",11746
"Urb. Santa Margarita II",11747
"S.C. Sosiego Sur",11748
"La Resurrección II",11749
"La Playa",11750
"Urb. Central",11751
"Cedro Bolívar II Sector",11752
"La Tortigua (Mz A,B,C,)",11753
"Saturno",11754
"San Antonio Fontibón",11755
"Urb. La Abadía",11756
"S.C. Villa Carmenza",11757
"Villa Esperanza_",11758
"Aguas_Claras",11759
"Urb. Las Orquídeas",11760
"Urb. Industrial Sredni",11761
"Santa Ana",11762
"S.C. Ferrocaja",11763
"El Proveedor",11764
"S.C. Los Álamos_",11765
"Urb. Santa Catalina",11766
"San Dionisio",11767
"La Merced Norte",11768
"Parque Industrial",11769
"Cama Vieja Villa del CAN",11770
"La Florida",11771
"Urb. La Herradura",11772
"S.C. San José Sur Oriental",11773
"La Perla_",11774
"Nuevo Muzu II Sector 2a Etapa",11775
"Villa de los Comuneros (Prados del Salitre)",11776
"Villa Morales",11777
"El Rosal",11778
"Zarazota I",11779
"San Antonio Norte - Codabas",11780
"Milenta",11781
"Santa_Ana",11782
"El Portal",11783
"La Bonanza",11784
"Vista Hermosa II y Arboreto",11785
"Urb. El Laguito",11786
"Urb. El Rincón de Suba (Santa Isabel)",11787
"Refugio de la Colina",11788
"S.C. Altos de Chozica",11789
"Santa Helena - Puerta de Hierro Las Acacias",11790
"Prado Veraniego Sur",11791
"Conjunto Residencial Yerbamora 2",11792
"Pan de Azúcar y Cucaita",11793
"Toledo",11794
"Tardes de San José",11795
"El Paraíso_",11796
"Lourdes",11797
"El Pénsil_",11798
"Siberia - El Paraíso (Predio)",11799
"Los Arrayanes (Finca)",11800
"El Retiro II (Predio Mabruk)",11801
"Torca - Tequenuza A (Predio)",11802
"Timiza",11803
"S.C. Niza Suba",11804
"Urb. San Rafael Norte II",11805
"Lombardia II",11806
"Altos de la Esperanza I Sector",11807
"La Fragua - Urb. Sargento Paez Pabon",11808
"La Cañada",11809
"Nuestra Señora de la Paz Sector Villa del Carmen",11810
"Nuestra Señora de la Paz la Esperanza",11811
"Viña del_Mar",11812
"La Fragua - Urb. Ciudad de Quito",11813
"Rafael Núñez",11814
"S.C. La Hortua",11815
"La Sureña",11816
"Restrepo",11817
"Caracas",11818
"Arboleda del Rey",11819
"La Peña",11820
"El Ocal",11821
"El Pinar",11822
"Campo Hermoso_",11823
"San Miguel",11824
"La_Libertad",11825
"La Florida IV Sector",11826
"Vegas de Santana",11827
"La Azucena Mz. B",11828
"Villa Bosa",11829
"Nueva Granada V Sector",11830
"S.C. Bosa Nova El Porvenir",11831
"Holanda",11832
"Escocia IX",11833
"Los_Naranjos",11834
"La Aguadita I y II",11835
"José Antonio Galán",11836
"El Sauce",11837
"Rincón Santo",11838
"Escocia V",11839
"San Bernardino Sector Villa Emma",11840
"Portales del Norte Urb. San Pedro",11841
"Urb. Villa Catalina",11842
"Urb. Portal de Suba",11843
"Costa Azul III Etapa",11844
"Niza Suba - El Cypres",11845
"El Imperio",11846
"El Naranjal",11847
"Puente Largo Sector I y II",11848
"La Toma y El Triángulo",11849
"Arcabuco",11850
"Santa Cecilia II",11851
"Puente Largo III Sector",11852
"Danubio Occidental",11853
"El Contador",11854
"Villas de Andalucía",11855
"Vista Bella III Sector",11856
"Altos de Serrezuela",11857
"S.C. Tibabita",11858
"S.C. El Redil",11859
"Rincón de Suba - Urb. El Cid",11860
"San_Isidro_",11861
"Urb. Belmonte",11862
"Veraguas",11863
"Bolivia Oriental",11864
"S.C. El Nogal",11865
"12 de Octubre - Alcabaza",11866
"Simón Bolívar",11867
"El Socorro II Sector",11868
"El Socorro Sector La Industria",11869
"Villa del Sol",11870
"Samper",11871
"Casa Blanca I",11872
"S C. Buenos Aires",11873
"Ambalema Lotes 2 y 3",11874
"San_Fernando",11875
"Urb. Altos del Virrey",11876
"Los Altos del Zuque",11877
"Los Laureles",11878
"Laureles II",11879
"El Mirador II",11880
"El Real",11881
"Plazuelas del Virrey",11882
"Villa Teresita",11883
"Urb. Loma de la Cruz",11884
"Altos de la Salle",11885
"Bosque Calderón Tejada - Urb. Las Delicias",11886
"Palermo",11887
"Bosque El Retiro I Sector",11888
"Tunal Antiguo",11889
"S.C. Ingles",11890
"S.C. Bravo Paez",11891
"Urb. Entre Ríos Zona Industrial",11892
"Cundinamarca",11893
"Tibana",11894
"Villa Gladys - Urb. Avenida del Mirador II",11895
"El Paraíso Sur Oriental I Sector",11896
"S.C. El Tintal Central",11897
"Urb. Balcones de Alcudia",11898
"Java I Sector",11899
"S C Casablanca Suba",11900
"Campanella",11901
"S.C. Salitre Suba",11902
"Santa Cecilia I",11903
"Tibabita - La Suiza (Finca)",11904
"Granada Norte Bariloche",11905
"El Pinar de Santa Bárbara",11906
"El Danubio",11907
"Los Cedros",11908
"La Uribe",11909
"Carolina III",11910
"La Armonía",11911
"Calarca I y II",11912
"Urb. Capellanía",11913
"Ciudad Kennedy Supermanzana 1",11914
"Tierra Buena I",11915
"El Caracol",11916
"Los Pantanos",11917
"Nueva Silvania Sur",11918
"Versalles Fontibón",11919
"Urb. Parque Las Flores",11920
"Moraga",11921
"Patio Bonito III Sector",11922
"Tintalito",11923
"Villa Alexandra",11924
"El Saucedal",11925
"Bavaria Techo",11926
"Castilla Real",11927
"Portal de Patio Bonito",11928
"Alquería La Fragua",11929
"La Chucua",11930
"La Giraldilla",11931
"Villa Mejia - El Tintal",11932
"Villa de la Torre",11933
"Urb. Pinos de Britalia",11934
"Barranquillita",11935
"Villa_Beatriz",11936
"El Paraíso Nuevo Kennedy",11937
"San Andrés II Sector",11938
"El Progreso_",11939
"S.C. Escocia",11940
"Urb. Industrial las Delicias",11941
"Boita II Sector",11942
"Renania",11943
"Americas Occidental II",11944
"Urbanización Villas de Castilla",11945
"Quintas de Timiza",11946
"Tierra Buena Reservado I",11947
"Tierra Buena I Conjunto Residencial",11948
"Urb. Pinar de los Álamos",11949
"S.C. San Bernardino XIX",11950
"El Porvenir Sector Inducas",11951
"La Independencia",11952
"La Maria_",11953
"S.C. Jiménez de Quesada",11954
"Urb. Gecolsa",11955
"Nuevo Chile",11956
"Brasil Sector El Portal",11957
"La Cruz de Terreros",11958
"S.C. Paso Ancho",11959
"Antonia Santos",11960
"La Capilla",11961
"Ciudadela Roberto Pachon",11962
"S.C. Grancolombiano",11963
"San Eugenio",11964
"Niza Suba - Urb. San Gregorio II y III",11965
"S.C. Niza Norte",11966
"Niza Suba - Torres del Monte",11967
"Urb. Alhambra Sur Oriental",11968
"El Divino Salvador",11969
"Urb. Las Navetas de Suba",11970
"Cantagallo - Carmel Club Campestre",11971
"S.C. Los Naranjos",11972
"Ciudad Jardín Norte - San Andrés",11973
"Urb. Boca Colina",11974
"Oikos La Colina",11975
"San Cristóbal",11976
"Julio Florez",11977
"S.C. Andes Norte",11978
"Andes Norte - Urb. Av. Suba II Etapa",11979
"S.C. Potosí",11980
"Casablanca Suba - Urb. Valparaíso",11981
"San Juan Suba",11982
"El Rincón - Urb. Amberes",11983
"La Palma II",11984
"Urb. Villa Lilia y El Rosal",11985
"Tuna Baja",11986
"Bernal y Forero",11987
"Turingia II",11988
"Senderos de Suba",11989
"El Pinar de Suba II",11990
"La Esperanza II",11991
"La Playa",11992
"El Rodadero y El Pedregalito",11993
"Berlín IV Sector",11994
"Aures I",11995
"Mirandela",11996
"La Faena - La Guayana (Predio)",11997
"Los Cambulos",11998
"Capellanía",11999
"Egipto Alto (Julio Cesar Turbay)",12000
"Isla del Sol",12001
"S.C. Arrayanes III, IV, y V",12002
"Mudela del Río",12003
"Santa Maria del Lago",12004
"S.C. Autopista Medellín",12005
"Escuela General Santander",12006
"Voto Nacional",12007
"Santa Isabel Occidental",12008
"El Rubí",12009
"San Vicente (Predio)",12010
"Urb. El Paseito II Sector",12011
"Nueva Delly Parte Alta",12012
"Bellavista - El Salitre",12013
"El Diamante Bosque de San Cristóbal",12014
"S.C. Quinta Ramos",12015
"Caobos Salazar Urb. Capri I y II Sector",12016
"Las Margaritas II Sector",12017
"Los Cedros Oriental",12018
"La Tortigua",12019
"Balcones de San Pedro III",12020
"Jordán II Sector",12021
"Urb. Santiago",12022
"Torcoroma",12023
"Ciudad_Salitre",12024
"Urb. Continental",12025
"Refugio del Norte",12026
"Inmunizadora de Maderas",12027
"San Francisco Norte",12028
"Telecom Arrayanes",12029
"Casablanca Sector Bellavista",12030
"Unifamiliares Avenida Décima",12031
"El Pesebre (Predio)",12032
"Rincón_Santo",12033
"Las Colinas",12034
"Villa Esperanza",12035
"11 de Noviembre",12036
"San Luís Altos del Cabo",12037
"Bosque Calderón Tejada",12038
"El Alto",12039
"Cerro Verde - Santo Domingo Alto",12040
"Santa Inés",12041
"Juan_XXIII",12042
"Normandia Occidental",12043
"Camavieja",12044
"Entrerios",12045
"Escuela Militar",12046
"Urb. El Santuario",12047
"Santa Inés (El Topo)",12048
"Urb. El Rincón de San Nicolás",12049
"San Cristóbal Sur Viejo",12050
"San Benito",12051
"La Carolina",12052
"Nuevo Pensilvania Sur",12053
"Desarrollo Moravia",12054
"Tierra Firme",12055
"Alcalá",12056
"Puerto Rico",12057
"S.C Molinos del Sur",12058
"La Cita",12059
"Urb. Oviedo",12060
"Molino del Viento",12061
"Bolivia - Urb. San Vicente (Lote)",12062
"Marandu",12063
"Salitre III Sector",12064
"El Manantial",12065
"El Encanto - Portales de Confenalco",12066
"Santa Cecilia_",12067
"Las Margaritas",12068
"S.C. Portales del Norte",12069
"Colina Campestre IV Sector",12070
"Horizontes (Predio)_",12071
"Urb. San Antonio",12072
"Colina Campestre III Sector",12073
"Santa Mónica - Urb. El Pedregal",12074
"Urb. Golconda",12075
"Los Andes - Vizcaya III Sector",12076
"Zona Franca",12077
"Minuto de Dios - La Tropical Copetroco",12078
"Villa del Rosario",12079
"Torres de Buenos Aires",12080
"El Portal II Sector",12081
"Villa Zarzamora",12082
"Villa del Cerro",12083
"Urb. Montellano",12084
"Siberia - El Nacedero",12085
"Mirador del Norte",12086
"Arauquita",12087
"Britalia San Rafael",12088
"Sultana",12089
"Castañuela II",12090
"Cañiza I, II y III",12091
"La Campiña",12092
"Restrepo Occidental",12093
"S.C. Sena",12094
"Quinta Bariloche",12095
"S.C. Pueblo Viejo",12096
"Los Ángeles - Urb. El Galeón",12097
"Rincón El Cóndor",12098
"Villas del_Velero",12099
"El Rubí de San Bernardo",12100
"Alameda del Río",12101
"San Antonio de Escocia",12102
"Villa Sonia II",12103
"Amaruc",12104
"S.C. Jorge Uribe Botero",12105
"San Jorge",12106
"San Jorge II",12107
"Tierra Gratis",12108
"La Concepción II Sector",12109
"San Javier",12110
"Urb. San José 2",12111
"S.C. Villas del Progreso",12112
"Villa Nora II",12113
"Nueva Escocia",12114
"Escocia VII",12115
"Los Héroes de Bosa",12116
"El Porvenir Parcela 17 A- 17 B",12117
"Nueva_Esperanza",12118
"Nueva_Escocia",12119
"San Andrés Afidro",12120
"Urb. Zabana",12121
"Altamira",12122
"Bosques de San Jorge Suba",12123
"El Nogal",12124
"Tuna Alta Sector El Rosal",12125
"El Salitre",12126
"Urb. El Salitre",12127
"Pasadena - Conjunto El Rincón de la 100",12128
"Urb. Los Nogales de Tibabuyes II",12129
"Atenas - Asturias",12130
"S.C. Tibabita 2",12131
"Bosque de Soratama",12132
"Bilbao II Sector",12133
"Portales del Norte - La Candelaria",12134
"La Providencia Media",12135
"Santa Ana Occidental",12136
"Cedro Bolívar",12137
"Parques de Lorena",12138
"Villas de Aranjuez",12139
"Molinos Norte",12140
"S.C. El Verbenal",12141
"Buenavista La Estrellita II",12142
"Nuevo Country",12143
"Rincón de Suba Sector Lagos de la Frontera",12144
"El Listón",12145
"San Victorino",12146
"El_Cortijo",12147
"Ciudad Salitre Occidental",12148
"La Esperanza Norte",12149
"S.C. Bolivia",12150
"Puerto Amor Playas del Jaboque",12151
"La Merced",12152
"S.C. Modelo Sur",12153
"Vereda Monserrate",12154
"El Sosiego",12155
"S.C. Chiguaza",12156
"Santo Domingo_",12157
"S.C. Emaus",12158
"Las Palmas",12159
"La Victoria III Sector",12160
"La Victoria II Sector",12161
"Nueva_Granada",12162
"Urb. Florencia",12163
"Campin Occidental",12164
"Mariscal Sucre",12165
"Tejar de Ontario",12166
"S.C. Claret",12167
"Parque Nacional",12168
"Quiroga IX Etapa",12169
"La Asunción",12170
"Portal de Alcalá - La Perla",12171
"El Cedro Engativa Centro",12172
"Ciudad Universitaria",12173
"Los Laureles Sabanas del Dorado",12174
"Xochimilco",12175
"Argelia II_",12176
"S.C. Bosa",12177
"La Portada II",12178
"La Fontana I y II",12179
"La_Arboleda",12180
"Santa Fe III Sector",12181
"Niza Suba - Urb. Balcón del Lindaraja",12182
"La Veguita II",12183
"San Pablo I Sector",12184
"Chicala_",12185
"San Pedro Sector C",12186
"La Esperanza de Tibanica",12187
"La Palestina I",12188
"Rincón de San José",12189
"S.C. San Bernardino II",12190
"S.C. San Bernardino XVI",12191
"Torremolinos_",12192
"Cinco Esquinas",12193
"Britalia - El Tibon Albacete",12194
"El Alcázar",12195
"S.C Santa Rosa",12196
"Urb. Antonio Granados",12197
"Las Palmeras",12198
"Proyser (Finca)",12199
"Subata (Conejera)",12200
"La Aurora",12201
"Prado Veraniego Norte - Urb. El Condado de Iberia",12202
"Tuna Baja III Sector",12203
"Prado Veraniego Norte - Urb. Vivaral",12204
"San José del Prado - Fuerteventura",12205
"Arboleda del Country",12206
"Calima Norte",12207
"Lisboa",12208
"Los Monarcas",12209
"La_Playa",12210
"La Alameda_",12211
"La Araucaria",12212
"S.C. El Poa",12213
"Villa Amalia",12214
"Urb. Caracoli",12215
"Puente Colorado",12216
"Conjunto Residencial Yerbamora 1",12217
"Los Rosales",12218
"Villa Andrés",12219
"Florida Blanca",12220
"El Consuelo",12221
"S C.Arboleda Sur",12222
"Villa de la Loma II",12223
"Industrias Thury Ltda.",12224
"Finca La Esperanza",12225
"Los Comuneros Puerta del Sol",12226
"Rincón de Cantalejo",12227
"Guiparma",12228
"Villa Catalina II y III",12229
"Urb. El Tanque",12230
"San Pedro II Sector A",12231
"Villa Julia",12232
"El Rubí La Flora",12233
"Zarzamora",12234
"Diana Turbay Cultivos",12235
"El Oasis del Sur",12236
"Los Caobos",12237
"Tintalito II",12238
"Las Acacias_",12239
"La Rivera II Sector",12240
"Alamedas De Timiza I",12241
"Nueva Roma Ultima Etapa - Bertha Hernández Ospina",12242
"Dindalito",12243
"El Carmelo",12244
"Santa Helena Niza Suba",12245
"Tayrona",12246
"Juan Pablo I",12247
"Villa Mendoza",12248
"Monterrey_",12249
"San Juan de Castilla",12250
"El Amparo",12251
"San Andrés",12252
"El Portal de las Americas",12253
"Lusitania",12254
"Las Palmitas",12255
"Ciudad Granada",12256
"La Alejandra",12257
"El Jordán I y III",12258
"Sagrado Corazón_",12259
"Marsella Aloha Sector Sur",12260
"Bosques de Kennedy",12261
"La Paz Bosa - Sinai",12262
"S.C. Tintala",12263
"Multifamiliares Carimagua",12264
"La Igualdad II Sector",12265
"Nuevo Kennedy",12266
"Villa Emilia",12267
"Hipotecho Occidental",12268
"Hipotecho Occidental III",12269
"Fabrica de Loza",12270
"Bella Vista",12271
"La Península El Paraíso",12272
"Guadual",12273
"El Campin",12274
"Rincón de Nuevo Muzu",12275
"Venecia Occidental",12276
"Los Dos Leones",12277
"S.C. San Jorge Sur",12278
"Urb. Serafina",12279
"San Miguel Granada Sur",12280
"Los Libertadores Sector San Miguel",12281
"San Félix",12282
"Prados del_Salitre",12283
"Urb. San Antonio Norte",12284
"Miami",12285
"El Ocal II Sector",12286
"El Porvenir San Luís",12287
"San Diego La Paz IV Sector",12288
"S.C Escocia Rural",12289
"El Diamante",12290
"Naranjos El Retazo",12291
"Piamonte II Sector",12292
"San Cristóbal Norte",12293
"La Esperanza",12294
"Parque Popular El Salitre",12295
"J.J. Vargas - José Joaquín Vargas",12296
"Brasilia La Estación",12297
"El Recuerdo San Bernardino",12298
"La Amistad Bosa",12299
"Brasilia I Sector",12300
"El Jazmín Sector El Triángulo",12301
"Holanda II Sector",12302
"Nicolás Escobar",12303
"S.C. Antonia Santos",12304
"Quinta Ramos",12305
"Ciudad Marbella Sector I",12306
"Atahualpa El Cajón",12307
"El Charco",12308
"Los Almendros II",12309
"La Estrella II",12310
"S.C. Las Navetas",12311
"Bachue I y II",12312
"Santa Rosa - Urb. Tropicream",12313
"Urb. Potosí II Sector",12314
"Alameda de Suba",12315
"La Estrella I",12316
"San José Sur Oriental",12317
"La Liberia",12318
"Delicias del Carmen",12319
"La Gloria Baja",12320
"Santa Bárbara Central III Sector",12321
"Santa Bibiana",12322
"San Patricio",12323
"Inzuca",12324
"Torcoroma_",12325
"San José de Usaquén - Urb. Argo",12326
"Horizontes",12327
"Ibiza",12328
"Tierra Buena Reservado II",12329
"Urb. San Luís",12330
"Villa Angélica (Canadá La Guira)",12331
"Los Libertadores Sector San Isidro",12332
"Urb. Nueva Alsacia",12333
"Palermo Sur",12334
"La Paz",12335
"S.C. Santa Helenita",12336
"Los Ángeles",12337
"Samore",12338
"Los Ejidos",12339
"San José de Usaquén - Urb. Los Bosques",12340
"Los Consuelos",12341
"San Rafael Industrial",12342
"Urb. Horacio Orjuela",12343
"Los Libertadores Sector San José",12344
"Los Libertadores Sector El Tesoro",12345
"Playón La Playita III",12346
"Pradera Sur",12347
"Hipólito Restrepo",12348
"Agua Dulce",12349
"Santa Bárbara City Hall",12350
"S.C. El Remanso",12351
"El_Progreso",12352
"Granjas de Techo",12353
"Interindustrial - El Vergel",12354
"S.C. San Javier",12355
"El_Jordán",12356
"Charles De Gaulle",12357
"Jiménez De Quesada II Sector",12358
"Senderos de Britalia",12359
"San Martín de Porres",12360
"Modelia",12361
"La Floresta",12362
"Campos de Silencio",12363
"Iberia - Rincón de Granada",12364
"Iberia El Poblar",12365
"Los Pinares",12366
"Uribia",12367
"Cerros de Niza Urb. Solitude",12368
"La Sagrada Familia",12369
"Lago de Suba",12370
"Ospina Pérez Sur",12371
"Autopista Sur",12372
"Ortezal",12373
"La Conejera Tibu",12374
"Prado Pinzon - Santa Carolina",12375
"S.C. San Blass II",12376
"Buenos Aires La Esperanza Parcela La Fiscala",12377
"Villas de Alcalá - Altamira (Hacienda)",12378
"S.C. Carolina de Suba",12379
"La Palma El Recreo",12380
"Garcés Navas Oriental - Urb. El Pireo",12381
"La Perla",12382
"Aures II Sector La Planta",12383
"Urb. Iberia I Etapa",12384
"Palma Aldea - Urb. El Merey",12385
"Aures II",12386
"Versalles y Los Cerezos",12387
"Caminos de Esperanza",12388
"La Colina Campestre II Sector",12389
"Plazuelas de San Martin",12390
"Urb. Plaza Baviera",12391
"Villa del Campo",12392
"S.C. Almirante Colon",12393
"Bosques de San Jorge",12394
"Amparo Cañizares",12395
"Multifamiliares La Paz",12396
"Santa Lucia Sur",12397
"Santa Bárbara",12398
"Agrup. de Vivienda Viempro II",12399
"Portal Real de Suba",12400
"Barrancas Oriental - Servita",12401
"S.C. El Cedro",12402
"S.C. Páramo_",12403
"Bosques de Torca",12404
"S.C. Mónaco",12405
"Tuna Alta El Mirador",12406
"San José De Bavaria",12407
"Hato Chico II (Predio)",12408
"Rincón de Santa Inés Compartir Suba",12409
"Altos de Chozica La Victoria",12410
"Estoril - Conjunto Residencial Teruel",12411
"S C. Julio Florez",12412
"Villa Mayor Antigua",12413
"Eduardo Frei",12414
"Santa Isabel del Restrepo",12415
"Nuestra Señora de la Paz V Sector",12416
"La Esmeralda Nuestra Señora de la Paz",12417
"S.C. La Cabaña",12418
"La Campiña II Sector",12419
"Santander Norte",12420
"Luna Park",12421
"La Cabaña - El Rubí",12422
"Santandersito",12423
"La Sabana",12424
"Chico Reservado",12425
"S.C. Lago Gaitan",12426
"El Retiro - Villa Andina",12427
"S.C. Porciúncula",12428
"S.C. El Dorado Industrial",12429
"La Esperanza_",12430
"Buenos_Aires",12431
"Villas del Dorado San Antonio",12432
"La Paz",12433
"Bellavista",12434
"El_Paraíso",12435
"S.C. Antiguo Country",12436
"Urb. Valles de Ibiza",12437
"Urb. La Pradera de Suba",12438
"La Joyita Bello Horizonte",12439
"Bosque Calderón Tejada 2",12440
"Bosques del Portal",12441
"Engativa - Urb. Muisca II",12442
"San José Obrero",12443
"Los_Pinos",12444
"Quesada",12445
"Alfonso López",12446
"La Magdalena",12447
"Ingemar - Arboretum",12448
"Siberia - El Capricho (Predio)",12449
"S.C. Bosque Calderón",12450
"Tunal Sector I",12451
"Villa Mayor",12452
"Urb. Santa Lucia",12453
"Siracusa I y II",12454
"San Gabriel",12455
"Camelia II Sector",12456
"Galán - Urb. Los Bungaviles",12457
"Galán",12458
"S.C. Granada Sur",12459
"Bosques de Bellavista",12460
"S.C. Páramo I",12461
"Valparaíso II Etapa",12462
"El Torreón",12463
"Predio Cundinamarca",12464
"La Provincia",12465
"Prados de la Calleja",12466
"La Estación Distrital de Finca Raíz",12467
"Poteritos",12468
"S.C. El Jardín",12469
"El Portal de Bosa",12470
"Humberto Valencia II Sector",12471
"Grancolombiano II Laureles",12472
"S.C. San Bernardino XIX",12473
"Laureles La Estación",12474
"Acuarela I",12475
"Villa Esmeralda",12476
"Los Ocales",12477
"Miraflores II Sector",12478
"El_Rubí",12479
"Santa Helena - Surala",12480
"Urb. Júpiter",12481
"Providencia",12482
"Alameda de Santa Monica Etapa 5",12483
"Nuevo Recreo",12484
"Niza Norte - Urb. Tumanaco",12485
"Urb. Bochalema",12486
"Villa Cindy",12487
"La Guaca Sector La Conejera",12488
"Torremolinos I",12489
"Urb. Colina Norte II Etapa",12490
"Bellomonte Suba",12491
"Urb. Caminos de Atlanta",12492
"Vista Bella II Sector",12493
"Santa_Mónica",12494
"Urb. Floresta III (Sauces II)",12495
"Cerros del Himalaya",12496
"La Esperanza (Calle 131 A)",12497
"Tibabuyes I Sector",12498
"Portal de la Sultana",12499
"El Salitre IV Sector",12500
"El Mirador de Suba Salitre Norte",12501
"Canódromo - Urb. Atabanza",12502
"Prado Veraniego Sur - Córdoba Niza IX",12503
"Miraval",12504
"Niza Suba - Urb. Lourdes",12505
"Urb. Bosque de la Colina",12506
"Prado Sur II Etapa",12507
"San José del Prado - Agrupación de Vivienda Calua",12508
"Páramo - Escuela de Caballería",12509
"Urb. El Campito",12510
"S.C. Horizontes Norte",12511
"El Recuerdo La Conejera",12512
"Pensilvania",12513
"Torres del Rubí",12514
"La Nueva Gloria",12515
"El Nogal I",12516
"Casablanca Suba  - Valparaíso",12517
"El Embudo Sector El Plan",12518
"Urb. Iberia Triángulo",12519
"S.C. San Carlos de Suba",12520
"S.C Salitre Suba",12521
"S.C. Gilmar - La Sirena (Predio)",12522
"Burgos Britalia",12523
"Alsacia",12524
"El Rosario III",12525
"Las Aguas_",12526
"Villa Albania",12527
"La Capuchina",12528
"Urb. La Lorena",12529
"Barcelona Sur Oriental",12530
"La Gloria",12531
"Gran América - Multifamiliares Futura",12532
"S.C Belén Fontibón",12533
"S.C. Aeropuerto El Dorado",12534
"S.C. Suba Urbano",12535
"Urb. Altos de Zarzamora",12536
"S.C Altos de Chozica",12537
"S.C Buenos Aires",12538
"S C. El Dorado",12539
"S.C. Aguas Claras",12540
"El Verdun",12541
"Puerta del Sol",12542
"Quirigua (Agrupación 1)",12543
"Las Mercedes_",12544
"El_Triángulo_",12545
"Casa Grande 2",12546
"Villa Gladys Sector San Luís",12547
"Villa Oliva - Villa del Carmen",12548
"Quintas del Recreo Etapa 6",12549
"Prados de Santa Bárbara",12550
"S.C. La Victoria",12551
"Jaime Bermeo",12552
"Manuela Beltrán",12553
"Las_Flores",12554
"Atahualpa",12555
"Los Álamos",12556
"S.C. El Charco (Rural)",12557
"San Pablo Jericó",12558
"Bochica IV Etapa",12559
"Los Arrayanes Santa Inés",12560
"El Ramajal",12561
"Buenavista II Sector",12562
"Amapolas",12563
"Palermo Sur El Triángulo",12564
"La Marqueza",12565
"Siete de Agosto",12566
"Los Álamos - El Carmelo",12567
"La Pepita",12568
"La Estanzuela_",12569
"Urb. Los Bohíos de Funza",12570
"Santa Matilde",12571
"La Belleza",12572
"El Recuerdo San Jorge Alto",12573
"Cedro Narváez",12574
"Resurrección 2",12575
"El Cerro Occidental",12576
"Caja de Vivienda Popular",12577
"La Tortigua (Mz I,J)",12578
"Rincón de Santa Paula",12579
"Urb. Betania",12580
"Urb. La Palestina",12581
"Palestina",12582
"Ciudad Salitre 3 A. Etapa",12583
"Urb. Industrial Montevideo",12584
"S.C Interindustrial",12585
"Urb. Parque Metropolitano Etapa II y III",12586
"Urb. Calima",12587
"Samper Mendoza",12588
"Montecarlo_",12589
"Las Nieves",12590
"Urb. El Recio",12591
"Unidad Residencial Gonzalo Jiménez De Quesada",12592
"Los Andes - Urb. Malta",12593
"La Castellana - José Maria Carbonel",12594
"San Blass",12595
"El Santuario",12596
"Montecarlo",12597
"San Cristóbal Alto",12598
"El Arrayán 2",12599
"San Joaquín Norte",12600
"Quirigua Plan Sidauto",12601
"San Carlos",12602
"Abraham Lincoln",12603
"S.C Meissen",12604
"Los_Ángeles",12605
"Camilo Torres",12606
"Iberia Segovia",12607
"Los Molinos I Sector",12608
"Marruecos",12609
"El Sol",12610
"Los Naranjos",12611
"Toberín Oriental",12612
"Balcones de Oriente",12613
"Villa Magdala",12614
"Camelia Sur IV Sector",12615
"S.C. El Pantano Rural",12616
"El Refugio de la Colina I",12617
"S.C. Quiroga",12618
"Rodamonte",12619
"Urb. Fucha",12620
"Alameda de Villaluz",12621
"El Encanto - Urb. Aerolandia",12622
"S.C Vereda Suba Cerros",12623
"Urb. Puerto Sol",12624
"Suba Linda",12625
"Urb. Potrerillos de Suba",12626
"El Carmen",12627
"Tuna Alta",12628
"S.C Suba Urbano",12629
"Sierras del Moral",12630
"Los Pinos",12631
"Los Álamos - Centro Empresarial",12632
"Lagos de Castilla",12633
"Luís Alberto Vega Bosque Calderón II",12634
"S.C. Parque Nacional Oriental",12635
"Casa Loma",12636
"Barrancas Oriental - La Roca (Predio)",12637
"Los Laureles Sur Oriental I Sector",12638
"Kennedy Supermanzana 6 B",12639
"Urb. Barlovento",12640
"Carintia",12641
"Urb. Lombardia III Etapa - Sector A",12642
"Desarrollo Villa Blanca",12643
"San Antonio - Urb. Av. Luna Park",12644
"Santa Isabel V Sector",12645
"Centro Nariño",12646
"Timiza -  Urb. Cañaveral",12647
"Urb. La Coruña del Sur",12648
"Guillermo Núñez",12649
"San Fernando Nuestra Señora de la Paz",12650
"Urb. El Alcázar de Suba",12651
"Urb. Carrera 10a",12652
"S.C. Las_Margaritas",12653
"El Regalo",12654
"El Recuerdo II",12655
"El Recuerdo_",12656
"Santa Rosalía 2 (Finca)",12657
"El Libertador II",12658
"Chico Sur_",12659
"El_Llanito",12660
"Niza Norte - Sotileza",12661
"Urb. José Maria Carbonell",12662
"El Recuerdo",12663
"S.C. Andalucía II",12664
"La Estación Areneras",12665
"La Concepción",12666
"La Libertad III Sector",12667
"S.C. San Antonio",12668
"Hortelanos de Escocia",12669
"Villa Alegría",12670
"Villa de los Comuneros",12671
"S.C Bosa",12672
"Andes Norte - Quintanilla de la Flora",12673
"Brasil Sector El Lago",12674
"Brasil sector Barreto",12675
"Villa Nubia",12676
"Urb. La Chucua",12677
"Niza Suba - Urb. Palo Alto",12678
"Rincón de Santa Inés",12679
"Prados del Salitre",12680
"Calabria",12681
"Urb. Cerros 170",12682
"Urb. San José",12683
"Los Portales del Norte III",12684
"El Estoril",12685
"Britalia - Llano de San José II",12686
"Quintas Reservadas",12687
"Urb. El Paseo de la Colina",12688
"Caobos Salazar",12689
"Urb._El Bosque",12690
"Jardín Norte",12691
"La Granja Oriental",12692
"Barrancas Alto",12693
"Urb. Parque Afir",12694
"El Gaco - El Porvenir (Predio)",12695
"La Riviera II",12696
"Canadá la Guira II Sector",12697
"Turingia III",12698
"Tuna Baja II Sector",12699
"San Cayetano__",12700
"Villa Aurora",12701
"S.C. La Estradita",12702
"Las Ferias Occidental",12703
"Fátima",12704
"Portal de Granada",12705
"S.C. Chapinero Norte",12706
"Siberia - Castillo Calderón Tejada",12707
"Pardo Rubio - Rakel (Predio)",12708
"Bellavista - Urb. El Castillo",12709
"Emaus",12710
"Urb. El Palmar",12711
"Bosque Izquierdo",12712
"S.C Ingemar",12713
"S.C. Siberia Central",12714
"Urb. Unidas Samoa",12715
"Florencia",12716
"S.C. Tabora",12717
"Prados de la Alameda",12718
"La Soledad",12719
"Ortezal - Quinta Paredes",12720
"Parque Residencial Nueva Suba",12721
"Las Americas",12722
"Villa Ximena",12723
"Tuna Baja Las Flores",12724
"S.C. Murillo Toro",12725
"S.C. Villa Mayor Oriental",12726
"Santa Isabel",12727
"Las Violetas La Asunción",12728
"La Serena",12729
"Paris Francia",12730
"Congreso Eucarístico",12731
"La Faena - Jaboque (Finca)",12732
"El Muelle II",12733
"Cama Vieja 2",12734
"Sabana del Dorado - Villa Nohemi",12735
"Villabel",12736
"La Nueva Gloria II Sector",12737
"S.C. El Pinar",12738
"El Pinar Republica de Canadá II Sector",12739
"Cerros Norte",12740
"S.C. Seminario",12741
"S.C. Las Acacias",12742
"El Minuto de Dios - Los Lagos",12743
"Santa Cecilia",12744
"Conjunto Residencial Kumaru",12745
"Niza Suba - San Silvestre",12746
"La Estrella III",12747
"Cedro Salazar",12748
"La Calleja",12749
"Rincón del Chico",12750
"Soratama",12751
"Andalucía",12752
"Villa Nueva",12753
"Pastrana",12754
"Ciudad Kennedy Oriental Supermanzana 6",12755
"Urbanizacion  El Porvenir Predio Tintalito Mazuera Uno",12756
"S.C. Belén Fontibón",12757
"Urb. Tibabita 188",12758
"Zulima",12759
"Finca Moraga (Barracas)",12760
"Cooperativa de Sub-Oficiales",12761
"Ayacucho I",12762
"Vasconia II",12763
"La Unidad",12764
"Santa Catalina Sector I",12765
"Hato Nuevo",12766
"Roma - Bertha Hernández De Ospina I y III",12767
"Rincón de Castilla",12768
"Llano Grande",12769
"La Concordia",12770
"Maria Paz",12771
"Horizontes (Predio)",12772
"Ciudad Kennedy Supermanza 12",12773
"Santa Catalina",12774
"El Rubí de Kennedy",12775
"S.C. La Magdalena - El Tiber",12776
"Villa_Nelly",12777
"Tintala",12778
"Calandaima - Los Pantanos",12779
"Bellavista_",12780
"Villa Hermosa_",12781
"Palmitas - Villa Alicia",12782
"Ciudad Kennedy Norte Supermanzana 9B",12783
"El Descanso Nuevo Kennedy",12784
"Las Dos Avenidas I Etapa",12785
"Valencia La Chucua",12786
"Milenta_",12787
"Catalina II",12788
"Ciudad Kennedy Supermanzana 3",12789
"Americas Occidental IV Etapa",12790
"Americas Occidental",12791
"Los Condominios Tierra Buena III",12792
"S.C. Nueva Tibabuyes",12793
"Bosque de Gratamira I y II",12794
"S.C. San Bernardino XVI",12795
"La_Esmeralda",12796
"El Bosque de Bosa",12797
"S.C Bosa Brasil",12798
"Argelia_",12799
"Islandia II",12800
"S.C. Jacqueline",12801
"Olarte",12802
"La Granjita",12803
"El Anhelo",12804
"Santa Fe Bosa",12805
"Cartagenita",12806
"Getsemani",12807
"La Vega",12808
"El Paradero",12809
"S.C. San Bernardino XVIII",12810
"Tibabita - Los Pinos (Predio)",12811
"La Paz II Sector",12812
"San Pedro",12813
"La Alhambra Sector Norte",12814
"San Antonio de Escocia II",12815
"Prado Veraniego Norte - La Hacienda",12816
"Grancolombiano I",12817
"Humberto Valencia",12818
"Urb. La Sultana del Sur",12819
"San José D",12820
"Villanova II",12821
"Malibu",12822
"Casablanca Sector La Gruta",12823
"Niza Suba - El Pinar",12824
"Casablanca (Hacienda)",12825
"Turingia (Parcelación)",12826
"El Porvenir Norte - Granada Norte",12827
"Urb. Monterrey",12828
"Urb. Choasuca",12829
"Don Manuel - Los Arrayanes",12830
"Canaima",12831
"Batan Lote Niza XII",12832
"Cerros de Niza",12833
"Prado Pinzon Urb. Tehorlu",12834
"Casablanca Suba Cantabria",12835
"Urb. Somondoco",12836
"Villa Monika",12837
"El Batan",12838
"El Cortijo (Finca)",12839
"Urb. Guasayalta",12840
"Nueva Britalia",12841
"Urb. Némesis",12842
"Iberia - Villa Leticia",12843
"La Estanzuela",12844
"Villa Maria",12845
"El Poa",12846
"Tuna Baja III y III A",12847
"S.C. Tuna Baja",12848
"Niza Suba - Cerros de Sotileza",12849
"Rincón de las Villas",12850
"Prados de la Sultana",12851
"Torquigua",12852
"S.C. Las Brisas",12853
"Turingia",12854
"Tuna Alta Sector Bellavista",12855
"Tuna Alta - Quinua",12856
"Salamanca y Catalayud",12857
"San Fernandito (Predio)",12858
"Buganviles",12859
"La Arcana (Predio)",12860
"Recreo Reservado 1",12861
"La Paz Central",12862
"Villa Claudia III",12863
"Callejón de Santa Bárbara III Etapa",12864
"Urb. Nueva Granada",12865
"Santo Domingo",12866
"La Perla Occidental",12867
"Los_Andes",12868
"Urb. Manuel Cristóbal el Portal",12869
"San Cayetano_",12870
"Tunal Sector_II",12871
"Industrial Centenario",12872
"Salazar Gómez",12873
"Nueva Delly",12874
"Rocío Parte Baja",12875
"Santa Rosa De Lima",12876
"Socorro III Sector",12877
"Las Carolinas",12878
"El Socorro III Sector",12879
"San Bernardo del Viento",12880
"San José de Barrancas",12881
"S.C. Interindustrial",12882
"Balkanes",12883
"Santa Anita",12884
"Veracruz_II Sector",12885
"S.C. Ingemar",12886
"Lourdes III",12887
"Santa_Cecilia",12888
"12 de Octubre",12889
"Veracruz",12890
"Los Andes - Urb. Calle Cien",12891
"La Clarita",12892
"Torredon",12893
"Alto de la Toma",12894
"San Eusebio",12895
"Villa Sonia",12896
"San Jorge Central",12897
"Zona Industrial",12898
"Colmotores",12899
"Rincón de Venecia",12900
"Marruecos II Sector",12901
"Estrella del Norte",12902
"La Alejandra Barrancas",12903
"Torremolinos",12904
"Las Palmas Norte",12905
"Urb. Las Flores",12906
"S.C. El Laurel",12907
"Normandia - Urb. Nueva Normandia",12908
"Normandia - Conjunto Multifamiliar Colseguros",12909
"Finca Niquia",12910
"Nueva Tibabuyes - La Esmeralda",12911
"San José del Prado",12912
"Canódromo - Urb. Tierra Linda",12913
"El Cerezo",12914
"Santa Rosalía II El Cartucho",12915
"Los Andes - Urb. Teusaca",12916
"Fabrica de_Loza",12917
"Bellavista Sur Oriental",12918
"Lourdes II_",12919
"Los Laches",12920
"Urb. Sosiego Norte",12921
"El Minuto de Dios - Urb. Lorena",12922
"Los Molinos II Sector",12923
"Villa Mariana (Proyecto Urbanístico)",12924
"Bellavista Sector Santa Cecilia",12925
"Siberia - El Paraíso (Predio) 2",12926
"San Martín de Porres III y IV",12927
"Bombay",12928
"Reservas de la Sierra - La Arboleda",12929
"S.C. Gualoche",12930
"El Matorral",12931
"Torca 1 y 2",12932
"San Simón (Hacienda)",12933
"Barrio Ciudad Hunza",12934
"Vereda Suba Cerros La Cabaña",12935
"Nueva España",12936
"La_Fragua",12937
"Predio Nariño",12938
"Nuestra_Señora de la Paz",12939
"La Cabaña y La Suerte",12940
"Los Otoños",12941
"Ciudad Jardín del Sur",12942
"San Jorge_Central",12943
"Policarpa Salavarrieta",12944
"Cabañas del Norte",12945
"Riviera Norte",12946
"La Libertad II",12947
"La Portada",12948
"Villa Colombia II",12949
"Villa Nora",12950
"Conjunto Residencial Yaiti",12951
"Japón",12952
"Ciudadela La Libertad II",12953
"Bosa Nova II Sector",12954
"El Rodeo Sector Bosa Nova",12955
"S.C. Bosa Brasil",12956
"Brasil Materas Acacias San Jorge",12957
"El Porvenir_Sector Brasil",12958
"Villa Elisa - El Aguinaldo",12959
"Villa Rosario",12960
"La Chucua Norte",12961
"Las Villas Sector II",12962
"Villa Susana",12963
"Urb. Valle Patricia y Valle Refous",12964
"El Paraíso",12965
"Senderos de la Esperanza",12966
"Santa Rita",12967
"Urb. Parque Industrial Villa Concha",12968
"El Pencil Barrio El Salitre",12969
"Urb. Loyola",12970
"Las Delicias La Maria",12971
"Orquídeas",12972
"S.C. Pasadena",12973
"Urb. Bosque de los Lagartos",12974
"San Nicolás",12975
"S.C. Tuna",12976
"Taberin",12977
"Torca - Palermo A (Predio)",12978
"Carvajal - Urb. Altamira",12979
"Bocacolina El Cedro",12980
"Escuela de Infantería",12981
"Barrancas Perlas del Norte",12982
"Urb. La Pradera",12983
"Balcones de Vista Hermosa",12984
"La_Capilla",12985
"San Antonio Norte",12986
"Santa Helena Bosque de Casigua",12987
"Paloquemao",12988
"Santa Isabel Veraguas",12989
"Bolivia Oriental II Etapa",12990
"Urb. La Sirena",12991
"Santa Cecilia Norte Parte Alta",12992
"S.C. Chico Norte",12993
"Ciudad Salitre",12994
"El Tintal A.S.D.",12995
"La Libertad San Fernando",12996
"Villa Nueva Urb. (Tafur Morales II Etapa)",12997
"Bosques del Country",12998
"Lourdes 2",12999
"Rincón del Salitre - Urb. Modelo II",13000
"Urb. Villa del Cerro",13001
"Santa Rosita",13002
"Los Álamos Sector Industrial",13003
"La Estrada",13004
"Pinos de Lombardia - Imperial (Finca)",13005
"Ciudad Hunza - El Jordán",13006
"S.C. El Chico",13007
"El Paseo",13008
"Engativa - Urb. Muisca",13009
"Carolina Oriental",13010
"Carlos Alban Sector Miraflores",13011
"Urb. Belvedere",13012
"S.C. Hoya Teusaca",13013
"El Palmar III",13014
"Villa Teresita Sector Santa Lucia",13015
"Los Olivos",13016
"Vista Hermosa - Maria Cristina",13017
"Tuna Alta - El Cerro",13018
"Ciudad Salitre Suroriental",13019
"Nicolás de Federman",13020
"Ingemar - Urb. Lipari",13021
"El Castillo",13022
"Arboleda de los Alpes",13023
"S.C. Quiroga Central",13024
"Colon",13025
"Yira Castro",13026
"Bochica Puente Aranda",13027
"El Ejido",13028
"El Portal del Río",13029
"Danubio Centauros",13030
"Chico Oriental",13031
"S.C. Marly",13032
"La Manuelita",13033
"San José del Prado - Villa Gorda",13034
"El Jordán La Esperanza 2",13035
"Islandia III",13036
"El Jardín",13037
"Villa del Río",13038
"Kalamary IV",13039
"El Tirol",13040
"La Posada",13041
"Mirador de Suba y Bellavista",13042
"Urb. El Pórtico y Los Remansos",13043
"Urb. Monticello",13044
"La Concordia (Lote)",13045
"Britalia Las Margaritas",13046
"Urb. Andino",13047
"El Delirio",13048
"Urb. Portales del Norte I",13049
"Santa Bárbara Tibabuyes",13050
"S.C. Mirandela",13051
"Urb. Parques de la Colina",13052
"Barrancas Norte",13053
"Urb. La Arboleda de Chosica",13054
"Chucua III Sector",13055
"San Pedro III",13056
"La Francia",13057
"Las Flores_",13058
"Niza Suba - La Cartuja",13059
"Portón de Guaymaral",13060
"Laredo",13061
"Urb. El Carmelo",13062
"S.C Tuna Alta",13063
"Gilmar II",13064
"Tibabuyes Universal",13065
"S.C. Villa Hermosa",13066
"Managua",13067
"Acacias",13068
"Urb. Riobamba",13069
"Teusa",13070
"Loma Verde (Lote)",13071
"Horizonte Salitre",13072
"Provenza (Parcelación)",13073
"San Pedro de Tibabuyes",13074
"El Llano (Lote)",13075
"Flota La Macarena",13076
"Pió XII (Agrupación de Vivienda)",13077
"Florida Blanca II Sector",13078
"Santa Mónica Etapa 1 y 2",13079
"Urb. San_Luís",13080
"Pardo Rubio - Arbos I",13081
"Santa Rita Sur Oriental",13082
"Bosque de Modelia",13083
"Escuela de Caballería",13084
"Santa Ana Oriental",13085
"S.C. Arborizadora Baja",13086
"S.C. Ingemar Oriental",13087
"S.C. Polo Club",13088
"El Pantano - Maranta",13089
"Lourdes II",13090
"Villas de Alcalá - Los Cerezos",13091
"S.C. Normandia Occidental",13092
"S.C. El Pantano",13093
"Urb. Corpacero",13094
"Villa Gladys Sector La Manzana",13095
"Urb. La Dulzura",13096
"San Antonio_",13097
"Urb. La Floresta Reservada",13098
"Holanda I Sector",13099
"S.C. Conejera",13100
"El Rincón de Iberia",13101
"El  Manzano",13102
"San Vicente",13103
"Carolina II",13104
"Urb. San Rafael Norte I",13105
"Torres de San Francisco",13106
"Urb. Maratu",13107
"El Condado de la Paz",13108
"Villa Liliana el Vergel",13109
"El Vergel Occidental",13110
"El_Triunfo",13111
"Santa Luisa Timiza",13112
"Villa Rica",13113
"Morabia",13114
"Patio Bonito II Sector",13115
"La_Esperanza",13116
"Lafayette",13117
"El Portal de Patio Bonito",13118
"El Llanito",13119
"Urb. Laureles Kennedy",13120
"Andalucía II Sector",13121
"Montana",13122
"Pinar del Río II Sector",13123
"San_Carlos",13124
"Alquería La Fragua Santa Yolanda",13125
"Carimagua I Sector",13126
"Villa Mariana",13127
"El Porvenir II_Sector",13128
"S.C. La Magdalena",13129
"Villa de la Loma",13130
"Las Brisas_",13131
"Ciudad Kennedy Supermanzana 8",13132
"Ciudad Kennedy Norte",13133
"Sinai",13134
"El Paraíso Casablanca",13135
"Bavaria Techo III",13136
"Santa Maria",13137
"Salvador Allende",13138
"Las Delicias_",13139
"Villa de los Sauces",13140
"Prados de Kennedy",13141
"S.C Las Margaritas",13142
"Guadalupe",13143
"Villa Adriana",13144
"Ciudad Kennedy Oriental Supermanzana 2",13145
"Urb. Riberas de Occidente I Etapa",13146
"Kennedy Occidental Supermanzana 14",13147
"S.C. Islandia",13148
"Nueva Marsella III Sector",13149
"Valles de Ipanema",13150
"El Tintalito Frigorifico San Martin De Porees LTDA",13151
"Prados del Tintal",13152
"Quintas de Tierra Buena III",13153
"Tierra Buena II Conjunto Residencial",13154
"Bosque de Gratamira",13155
"Villa Hermosa",13156
"Sierras del Sur Oriente",13157
"La Península",13158
"Manila 2",13159
"Ciudadela El Poblado",13160
"Urb. San_José",13161
"Pardo Rubio - Urb. Panorama",13162
"Urb. Industrial San Pedro",13163
"Veracruz_",13164
"Urb. El Triunfo",13165
"El Chircal",13166
"Los Álamos - San Ignacio",13167
"Álamos Norte Sector Nor-Oriental",13168
"Villas del Madrigal",13169
"Urb. San Blas",13170
"Ramajal",13171
"Amapolas II Sector",13172
"El Regalo II",13173
"La Grovana",13174
"Country Club - Urb. Quira",13175
"La Merced Sur San Ignacio",13176
"Villa Nora III",13177
"La Magnolia II",13178
"S.C. Argelia II",13179
"El Llano de Bosa",13180
"Brasil II Sector",13181
"El Triunfo_",13182
"Las Margaritas_",13183
"La Arboleda I Sector",13184
"Nueva Granada II Sector",13185
"Diamante Sur",13186
"Brasilia III Sector",13187
"Brasilia II Sector",13188
"S.C San Bernardino Potreritos",13189
"Villa Elisa",13190
"Urb. Casa Campo Sector I",13191
"El Refugio y Los Maderos de Suba",13192
"La Toscana",13193
"S.C Parque Distrital El Salitre",13194
"Club de Empleados Oficiales",13195
"Sevilla Portales del Norte",13196
"Santa Fe de Suba (Finca)",13197
"El Toro Tulipán y Tequendama",13198
"Estrella",13199
"Bosques del Salitre",13200
"Ortezal_",13201
"Colseguros",13202
"Ricaurte",13203
"El Minuto de Dios - La Catalina",13204
"Egipto 2",13205
"S.C. Egipto",13206
"Luís López De Mesa",13207
"El Puerto La Loma de San Carlos",13208
"El Socorro",13209
"Villas del Recuerdo",13210
"S.C. Arboleda Sur",13211
"San Bernardino",13212
"Argelia_II",13213
"Santa Rosalía de Guaymaral",13214
"Ciudad Marbella Sector II",13215
"Veraguas Central",13216
"S C. Ferrocaja",13217
"Oviedo",13218
"Urb. San Vicente",13219
"Urb. Valbella",13220
"S.C. Puente Grande",13221
"S.C. Jardín Botánico",13222
"Los_Cerezos",13223
"Puerta de Teja",13224
"Bolivia Sector Occidental",13225
"Altamira Sector San José",13226
"La Paz (El Cebadal)",13227
"Nueva Santa Fe de Bogotá",13228
"Bosque Popular - El Trébol",13229
"Nazaret (Predio)",13230
"S.C. Buenos Aires",13231
"Urb. Los Balkanes",13232
"El Parque Etapa I",13233
"Villa Inés",13234
"Las Carabelas",13235
"Santa Matilde II Sector",13236
"Bello Horizonte",13237
"Macondo II",13238
"Sagrado Corazón",13239
"San Diego",13240
"Los Alcázares Norte",13241
"Urb. Simón Bolívar",13242
"Santa Rosa Sur",13243
"San Antonio (Hacienda)",13244
"Las Vegas El Recuerdo",13245
"Los Alpes del Zipa",13246
"S.C. Los Alpes",13247
"Las_Brisas",13248
"San Joaquín",13249
"La Camelia",13250
"Urb. Alamedas de San Diego",13251
"La Favorita",13252
"Playón La Playita",13253
"Arluz La Manuelita",13254
"Santa Rita III Sector",13255
"Bosques de la Hacienda",13256
"San Miguel Tibabuyes",13257
"El Recuerdo",13258
"Santa_Bárbara",13259
"S.C. San Pedro",13260
"La Esperanza II Sector - Tokio",13261
"Calamari",13262
"El Cuco La Estancia",13263
"Urb. La Fontana",13264
"Bosque de los Urapanes",13265
"San Cayetano Norte",13266
"Garcés Navas",13267
"S.C. Centenario",13268
"Andes Norte - Urb. La Cancioneta",13269
"Niza Suba - Urb. La Arboleda de Suba",13270
"Urb. Altos de San Jorge",13271
"San_Jorge",13272
"El Pénsil",13273
"S.C. Villa Elisa",13274
"S.C. Engativa Zona Urbana",13275
"Los Cerezos",13276
"Bochica - Urb. Alejandría",13277
"Villa Carolina_",13278
"Cerros de los Alpes",13279
"Las Cruces",13280
"Villa de los Alpes",13281
"Antonio Morales Galvis",13282
"S.C. El Gaco",13283
"Urb. Balcones de Provenza",13284