code,localidad
639,Usaquén
640,Usaquén
660,Rafael Uribe
665,Usaquén
681,Teusaquillo
733,San Cristóbal
738,Rafael Uribe
761,Rafael Uribe
764,Rafael Uribe
765,Puente Aranda
786,Engativá
814,Usaquén
826,Usaquén
830,Kennedy
833,Usaquén
839,Usaquén
876,Teusaquillo
881,Teusaquillo
896,Puente Aranda
911,Rafael Uribe
926,None
931,Rafael Uribe
937,San Cristóbal
962,Fontibón
964,Kennedy
966,Kennedy
970,Kennedy
985,Kennedy
1003,Kennedy
1006,Kennedy
1014,Kennedy
1016,Kennedy
1025,Kennedy
1029,Kennedy
1034,Tunjuelito
1036,Kennedy
1050,Kennedy
1056,Kennedy
1063,Kennedy
1072,Kennedy
1073,Kennedy
1080,Kennedy
1082,Kennedy
1097,Kennedy
1099,Kennedy
1108,Kennedy
1113,Kennedy
1114,Kennedy
1117,Kennedy
1118,Kennedy
1119,Kennedy
1180,Kennedy
1182,Kennedy
1193,Kennedy
1207,Kennedy
1221,Kennedy
1222,Kennedy
1258,Kennedy
1264,Kennedy
1271,Kennedy
1729,Bosa
1736,Bosa
1737,Bosa
1742,Bosa
1748,Bosa
1753,Bosa
1817,Bosa
1822,Bosa
1840,Bosa
1869,Bosa
1877,Bosa
1896,Bosa
1910,Bosa
1928,Bosa
1947,None
1954,None
1971,None
2018,None
2028,None
2033,None
2035,None
2045,None
2073,None
2086,None
2101,None
2111,None
2114,None
2121,None
2151,None
2162,None
2188,None
2199,None
2211,None
1309,Kennedy
1332,None
1224,Kennedy
1240,Kennedy
1244,Kennedy
1245,Kennedy
1281,Kennedy
154,Engativá
167,Tunjuelito
208,Candelaria
216,Barrios Unidos
218,Rafael Uribe
223,Rafael Uribe
225,Rafael Uribe
265,None
277,Bosa
299,None
305,None
320,None
331,Engativá
398,Engativá
416,San Cristóbal
420,San Cristóbal
439,San Cristóbal
476,None
477,None
1633,Bosa
1636,Bosa
1640,Bosa
507,Fontibón
1652,Bosa
1667,Bosa
530,Engativá
531,Engativá
534,Engativá
537,Engativá
541,None
545,Engativá
560,San Cristóbal
561,Engativá
565,Engativá
578,San Cristóbal
2354,None
2358,None
2361,None
2362,None
2363,None
2373,None
2389,None
641,Usaquén
2407,Usaquén
672,Rafael Uribe
675,Rafael Uribe
683,Teusaquillo
687,Tunjuelito
692,Tunjuelito
2451,Usaquén
2471,Usaquén
2474,Usaquén
746,Rafael Uribe
1363,None
791,Usaquén
793,Usaquén
795,Usaquén
805,Usaquén
832,Usaquén
838,Usaquén
842,Usaquén
858,Barrios Unidos
864,None
870,Chapinero
897,Rafael Uribe
925,Rafael Uribe
1756,Bosa
1758,Bosa
1764,Bosa
1791,Bosa
1819,Bosa
1821,Bosa
1830,Bosa
504,Fontibón
514,Fontibón
525,Fontibón
532,Engativá
3107,Rafael Uribe
539,Engativá
547,Engativá
555,Engativá
557,Engativá
604,Rafael Uribe
637,Fontibón
645,Usaquén
649,Rafael Uribe
652,Usaquén
3222,San Cristóbal
3223,Puente Aranda
3229,Fontibón
3235,Fontibón
724,San Cristóbal
3253,Usaquén
3256,Chapinero
3266,Santa Fe
777,Teusaquillo
779,Teusaquillo
796,None
799,Usaquén
3268,Santa Fe
3280,Fontibón
3281,Fontibón
3292,Puente Aranda
840,Usaquén
844,Usaquén
3314,Teusaquillo
3324,San Cristóbal
3326,None
3338,San Cristóbal
855,Barrios Unidos
867,Barrios Unidos
878,Teusaquillo
883,Teusaquillo
886,Kennedy
887,Teusaquillo
889,Los Mártires
892,Puente Aranda
918,Rafael Uribe
919,Rafael Uribe
3450,None
1770,Bosa
1782,Bosa
1833,Bosa
1835,Bosa
1882,Bosa
1913,Bosa
3478,None
3490,Engativá
2090,None
2093,None
3502,Rafael Uribe
2104,None
2117,None
2143,None
3504,Rafael Uribe
3507,None
3508,Rafael Uribe
3510,Rafael Uribe
3513,Engativá
3514,Engativá
3525,None
3538,None
391,Engativá
409,San Cristóbal
333,Engativá
334,Engativá
336,Los Mártires
356,Engativá
375,Engativá
393,Engativá
397,Engativá
1548,None
1578,Bosa
1581,Bosa
1592,Bosa
1595,Bosa
1600,Bosa
1605,Bosa
1616,Bosa
1624,Bosa
1626,Bosa
1630,Bosa
482,Fontibón
1649,Bosa
1650,Bosa
521,Fontibón
1668,Bosa
1670,Bosa
1691,Bosa
1695,Bosa
1697,Bosa
2294,None
2303,None
2320,None
2337,None
2348,None
2352,None
2353,None
580,San Cristóbal
584,San Cristóbal
588,San Cristóbal
597,Rafael Uribe
2397,Kennedy
655,Usaquén
668,San Cristóbal
2409,None
2422,Chapinero
2447,Usaquén
698,Rafael Uribe
710,Tunjuelito
719,San Cristóbal
745,Rafael Uribe
2479,Usaquén
750,Rafael Uribe
757,Rafael Uribe
766,Barrios Unidos
1382,None
3006,Rafael Uribe
3009,None
3016,Engativá
3044,Puente Aranda
3056,Fontibón
3096,Rafael Uribe
3104,Rafael Uribe
536,Engativá
3108,Rafael Uribe
3109,Rafael Uribe
3120,San Cristóbal
3124,San Cristóbal
3127,Usaquén
3148,Usaquén
3157,Fontibón
3164,Fontibón
3185,San Cristóbal
3208,San Cristóbal
679,San Cristóbal
682,Teusaquillo
3236,Fontibón
725,None
752,Rafael Uribe
768,Barrios Unidos
3267,Santa Fe
800,Usaquén
804,Kennedy
817,Kennedy
820,Usaquén
3302,Barrios Unidos
3303,Barrios Unidos
3309,Barrios Unidos
849,Usaquén
853,Barrios Unidos
3339,Fontibón
3349,Fontibón
3357,None
3362,Puente Aranda
3367,Puente Aranda
3385,None
3393,None
3399,Engativá
3410,Rafael Uribe
3414,Puente Aranda
3424,Rafael Uribe
3429,None
3437,Usaquén
929,Rafael Uribe
3467,Engativá
3471,Engativá
3472,Engativá
1976,None
2000,None
2016,None
3493,San Cristóbal
3495,Rafael Uribe
2094,None
3503,Rafael Uribe
2174,None
2205,None
341,Fontibón
346,Fontibón
350,Usaquén
354,Engativá
374,Engativá
379,Usaquén
3552,None
3560,None
3573,None
3584,None
3590,None
3591,None
3596,None
3606,Usaquén
3620,Santa Fe
3621,Usaquén
3635,Santa Fe
3641,Usaquén
3655,Kennedy
3658,Chapinero
3660,Chapinero
3677,None
3705,Usaquén
3707,None
3733,Bosa
3742,None
3744,None
3748,None
3750,None
3751,None
3753,None
3760,None
3767,None
3769,None
3771,Antonio Nariño
3776,San Cristóbal
3783,Antonio Nariño
3789,Engativá
3796,Rafael Uribe
3811,Bosa
3825,None
3826,None
3827,None
3836,Antonio Nariño
3837,Antonio Nariño
3842,Antonio Nariño
3853,Antonio Nariño
3854,San Cristóbal
3857,Antonio Nariño
2508,Usaquén
2521,None
2524,Fontibón
2527,Chapinero
2529,Los Mártires
2543,Chapinero
2545,Chapinero
2548,Chapinero
2559,Fontibón
2568,Puente Aranda
2576,Engativá
2578,Santa Fe
2582,San Cristóbal
2583,Chapinero
2605,Fontibón
2614,Barrios Unidos
2621,San Cristóbal
2626,Engativá
2627,San Cristóbal
2636,Engativá
2646,Engativá
2654,Engativá
2680,None
2691,Engativá
2695,Fontibón
2698,San Cristóbal
2700,San Cristóbal
2704,San Cristóbal
2705,San Cristóbal
2745,Engativá
2746,None
2747,None
2765,Chapinero
2768,Chapinero
2782,Engativá
2784,Engativá
2812,Chapinero
2823,Tunjuelito
2860,Fontibón
2862,Teusaquillo
2915,Engativá
2925,Kennedy
2926,Engativá
2937,San Cristóbal
2952,Chapinero
2964,Chapinero
2968,Bosa
2970,Chapinero
2988,Chapinero
2997,None
1754,Bosa
1760,Bosa
1790,Bosa
1795,Bosa
1796,Bosa
1802,None
1803,Bosa
1815,Bosa
1868,Bosa
1897,Bosa
1903,Bosa
1920,Bosa
1932,Bosa
1935,Bosa
1939,Bosa
2012,None
2032,None
2072,None
2091,None
2108,None
2139,None
2149,None
2157,None
2185,None
2192,None
2197,None
2213,None
20,Fontibón
2224,Rafael Uribe
2231,None
2235,None
2255,None
2258,None
2265,None
2269,None
2284,None
42,Usaquén
43,Engativá
50,Fontibón
60,San Cristóbal
71,Teusaquillo
78,Puente Aranda
79,Engativá
82,Kennedy
84,Kennedy
85,Kennedy
92,Rafael Uribe
104,San Cristóbal
109,None
125,Tunjuelito
127,Kennedy
136,Kennedy
146,None
155,Engativá
157,Engativá
159,Engativá
160,Engativá
168,San Cristóbal
185,Bosa
196,Engativá
197,Fontibón
203,Santa Fe
227,Kennedy
236,Bosa
251,Fontibón
263,None
276,Bosa
281,Bosa
290,None
293,None
304,None
310,None
311,San Cristóbal
335,Los Mártires
371,San Cristóbal
373,Engativá
384,Engativá
402,San Cristóbal
404,San Cristóbal
405,San Cristóbal
415,San Cristóbal
436,San Cristóbal
438,San Cristóbal
471,Santa Fe
483,None
501,Fontibón
510,Fontibón
548,None
553,Engativá
563,Engativá
571,None
572,Engativá
598,Rafael Uribe
611,None
612,Rafael Uribe
3008,Rafael Uribe
3015,Engativá
3062,San Cristóbal
3064,San Cristóbal
3065,San Cristóbal
3068,Barrios Unidos
3076,San Cristóbal
3079,Rafael Uribe
3089,Engativá
3093,Usaquén
3114,San Cristóbal
3116,Engativá
3121,San Cristóbal
3133,Usaquén
3136,Usaquén
3153,Usaquén
3168,Fontibón
3170,Fontibón
3186,Rafael Uribe
3221,San Cristóbal
3243,Puente Aranda
3261,San Cristóbal
3279,Fontibón
3282,Engativá
3290,None
3295,Barrios Unidos
3380,Rafael Uribe
3386,None
3387,None
3403,Fontibón
3407,None
3408,Fontibón
3409,Kennedy
3412,Puente Aranda
3413,Puente Aranda
3415,Puente Aranda
3419,Rafael Uribe
3428,Rafael Uribe
3433,Puente Aranda
3441,Usaquén
3451,None
3464,Fontibón
3479,None
3486,Engativá
3494,Rafael Uribe
3518,Engativá
3529,None
3532,None
3536,None
3548,None
3554,None
3565,None
3570,None
3577,None
3581,None
3582,None
3601,None
3612,San Cristóbal
3629,Barrios Unidos
3653,San Cristóbal
3662,Chapinero
3670,None
3702,San Cristóbal
3710,Usaquén
3731,Bosa
3755,None
3756,None
3777,None
3821,Bosa
3823,Bosa
3839,Engativá
3840,Rafael Uribe
3859,Antonio Nariño
1474,None
1609,Bosa
1632,Bosa
1645,Bosa
1647,None
1648,Bosa
1661,Bosa
1674,Bosa
1682,Bosa
1690,Bosa
2289,None
2295,None
2301,None
2315,None
2339,None
2377,None
2378,None
2392,None
2435,San Cristóbal
2459,Usaquén
2519,Usaquén
2523,Tunjuelito
2535,Barrios Unidos
2544,Chapinero
2547,Chapinero
2555,Puente Aranda
2573,Engativá
2609,Barrios Unidos
2611,Barrios Unidos
2622,None
2624,San Cristóbal
2657,Engativá
2660,Tunjuelito
2661,Tunjuelito
2690,Engativá
2694,Fontibón
2712,Chapinero
2742,Engativá
2744,Engativá
2766,Chapinero
2783,Engativá
2790,Teusaquillo
2805,Chapinero
2811,Chapinero
2816,None
2818,Chapinero
2834,Fontibón
2842,Rafael Uribe
2851,None
2856,Fontibón
2857,Fontibón
2859,Fontibón
2865,Teusaquillo
2878,Puente Aranda
2884,Rafael Uribe
2889,Puente Aranda
2892,Engativá
2922,Engativá
2928,Engativá
2932,Engativá
2938,San Cristóbal
2940,San Cristóbal
2951,None
2954,Chapinero
2955,Chapinero
2992,Fontibón
2993,Fontibón
2998,Fontibón
2318,None
2325,None
2330,None
2332,None
2338,None
2347,None
2355,None
2375,None
2394,None
2400,None
2411,None
2420,None
2434,Usaquén
2470,Usaquén
1175,Kennedy
1177,Kennedy
1178,Kennedy
1183,Kennedy
1208,Kennedy
1230,Kennedy
1248,Kennedy
1265,Kennedy
1289,Kennedy
1307,Kennedy
933,Rafael Uribe
935,Engativá
942,Usaquén
946,Usaquén
953,None
959,Kennedy
976,Kennedy
1004,Kennedy
1028,Kennedy
1038,None
1041,Kennedy
1045,Kennedy
1066,Kennedy
1071,Kennedy
1090,Kennedy
1098,Kennedy
1101,Kennedy
1107,Kennedy
1109,Kennedy
1124,Kennedy
1126,Kennedy
1134,Kennedy
1156,Kennedy
1160,Kennedy
1164,Kennedy
1167,Kennedy
1172,Kennedy
1184,Kennedy
1185,Kennedy
1255,Kennedy
1269,Kennedy
1280,Kennedy
1308,Kennedy
1721,Bosa
1722,Bosa
1825,Bosa
1837,Bosa
1847,None
1848,None
1855,Bosa
1858,Bosa
1861,None
1862,None
1883,Fontibón
1886,Bosa
1887,Bosa
1894,Bosa
1908,None
1922,Bosa
1933,Bosa
1934,Bosa
1937,Bosa
1941,Bosa
1944,None
1960,None
1985,None
1987,None
1992,None
2001,None
2004,None
2007,None
2026,None
2037,None
2052,None
2054,None
2058,None
2059,None
2081,None
2083,None
2103,None
2112,None
2118,None
2125,None
2127,None
2140,None
2145,None
2150,None
2152,None
2164,Usaquén
2165,None
2166,None
2193,None
2194,None
2200,None
2203,None
2212,None
12,Chapinero
13,Usaquén
15,Teusaquillo
29,Fontibón
2236,None
2239,None
2242,None
2246,None
2254,None
2256,None
2262,None
2264,None
2273,None
2287,None
2288,None
36,Kennedy
81,Engativá
86,None
93,Tunjuelito
97,San Cristóbal
112,Rafael Uribe
113,Rafael Uribe
117,Usaquén
142,Fontibón
3001,Fontibón
3005,Rafael Uribe
3040,Los Mártires
3050,Puente Aranda
3071,San Cristóbal
3073,San Cristóbal
3126,Engativá
3131,None
3197,Fontibón
3204,Usaquén
3215,San Cristóbal
3217,San Cristóbal
3218,San Cristóbal
3226,Puente Aranda
3232,Fontibón
3240,Fontibón
3245,Chapinero
3263,Santa Fe
3265,Santa Fe
3269,Santa Fe
3271,Santa Fe
3274,Santa Fe
3278,None
3287,Engativá
3289,Candelaria
3316,Engativá
3320,San Cristóbal
3358,Tunjuelito
3364,None
3389,Tunjuelito
3396,Engativá
3422,Rafael Uribe
3430,None
3434,Puente Aranda
3470,Engativá
3475,Engativá
3483,None
3484,None
3491,Engativá
3501,Rafael Uribe
3511,Rafael Uribe
3522,Engativá
3566,None
3568,None
3583,None
3589,None
3594,None
3598,None
3600,None
3618,San Cristóbal
3623,Fontibón
3625,San Cristóbal
3647,San Cristóbal
3650,Santa Fe
3674,Usaquén
3697,Usaquén
3718,Bosa
3732,Bosa
3737,None
3754,None
3761,None
3788,Engativá
3792,San Cristóbal
3793,Rafael Uribe
3797,Engativá
3799,Usaquén
3820,Bosa
3870,Bosa
1560,None
1574,Bosa
1575,Engativá
1577,Bosa
1614,Bosa
1620,Bosa
1627,Bosa
1638,Bosa
1654,Bosa
1660,Bosa
1672,Bosa
1680,Bosa
1694,Bosa
1704,Bosa
2312,None
2327,None
2342,None
2360,None
2366,None
2379,None
2381,None
2383,None
2385,None
2396,None
2398,None
2412,None
2413,None
2417,None
2430,Usaquén
2445,Usaquén
2449,Usaquén
2452,Usaquén
2460,Usaquén
2462,Usaquén
2463,Usaquén
2478,Usaquén
2498,Barrios Unidos
2520,Usaquén
2536,Barrios Unidos
2541,Engativá
2557,Fontibón
2569,Engativá
2579,San Cristóbal
2590,San Cristóbal
2594,San Cristóbal
2601,San Cristóbal
2604,Fontibón
2606,Fontibón
2610,Barrios Unidos
2616,San Cristóbal
2623,None
2629,San Cristóbal
2631,None
2642,Engativá
2648,Engativá
2676,Chapinero
2740,None
2788,Engativá
2808,Chapinero
2815,None
2858,Fontibón
2866,Teusaquillo
2905,Engativá
2918,Engativá
2929,Engativá
2939,San Cristóbal
2948,Chapinero
2965,Chapinero
2966,Chapinero
1726,Bosa
1746,None
1798,Bosa
1818,Bosa
1838,Bosa
1842,Bosa
1854,Bosa
1889,Bosa
1936,Bosa
1959,None
1961,None
2008,None
2047,None
2048,None
2071,None
2097,None
2098,Usaquén
2102,None
2144,None
2215,None
11,Usaquén
26,Engativá
28,Usaquén
2225,None
2229,None
2241,None
2252,None
2253,None
2271,None
33,Santa Fe
38,Usaquén
72,Chapinero
83,Kennedy
94,Engativá
114,Kennedy
126,Puente Aranda
135,Santa Fe
137,None
141,Santa Fe
166,San Cristóbal
177,Fontibón
192,Engativá
199,Rafael Uribe
201,Usaquén
217,None
222,Rafael Uribe
229,Kennedy
234,Fontibón
235,None
284,Bosa
287,None
292,San Cristóbal
296,None
297,None
306,San Cristóbal
319,None
332,Engativá
938,San Cristóbal
948,Puente Aranda
949,Usaquén
952,None
963,Kennedy
980,Kennedy
982,Kennedy
995,Rafael Uribe
996,Kennedy
999,Kennedy
1001,Kennedy
1027,Kennedy
1032,Kennedy
1049,Kennedy
1058,Kennedy
1061,Kennedy
1077,Kennedy
1087,Kennedy
1100,Kennedy
1106,Kennedy
1112,Kennedy
1149,Kennedy
1150,Fontibón
1157,Kennedy
1158,Kennedy
1199,Kennedy
1210,Kennedy
1214,None
1249,Kennedy
1256,Kennedy
1257,Bosa
1284,Kennedy
1294,Kennedy
1295,Kennedy
1296,Kennedy
1351,None
1410,Bosa
1423,Bosa
449,San Cristóbal
490,San Cristóbal
622,Fontibón
623,Fontibón
631,None
642,Usaquén
654,Usaquén
656,Usaquén
663,Usaquén
671,Rafael Uribe
716,San Cristóbal
734,San Cristóbal
736,Santa Fe
739,Santa Fe
748,Rafael Uribe
759,Rafael Uribe
775,Barrios Unidos
776,Barrios Unidos
781,Teusaquillo
782,Teusaquillo
803,Usaquén
815,Usaquén
824,Usaquén
841,Usaquén
848,None
850,Usaquén
856,Barrios Unidos
893,Puente Aranda
902,Rafael Uribe
906,Rafael Uribe
907,Rafael Uribe
917,None
920,Rafael Uribe
927,Rafael Uribe
936,Engativá
943,Puente Aranda
954,Usaquén
975,Kennedy
978,Kennedy
989,Kennedy
1011,Kennedy
1013,Kennedy
1015,None
1020,Kennedy
1043,Kennedy
1044,Kennedy
1055,Kennedy
1064,Kennedy
1075,Kennedy
1085,Kennedy
1102,Kennedy
1115,None
1120,Kennedy
1123,Kennedy
1130,Kennedy
1132,Kennedy
1133,Kennedy
1138,Kennedy
1187,Kennedy
1189,Kennedy
1198,Kennedy
1212,Kennedy
1217,Kennedy
1232,Kennedy
1288,Kennedy
1302,Kennedy
1743,Bosa
1744,Bosa
1793,Bosa
1794,Bosa
1801,Bosa
1808,Bosa
1856,Bosa
1863,Bosa
1864,Bosa
1870,Bosa
1904,Bosa
1916,Bosa
1918,Bosa
1925,Bosa
1993,None
1994,None
2003,None
2005,None
2021,None
2099,None
2120,None
2126,None
2130,None
2186,None
2201,None
2202,None
2207,None
2210,None
1239,Kennedy
1242,Kennedy
1253,Kennedy
1274,Kennedy
1305,Kennedy
1306,Kennedy
148,None
152,Engativá
162,Kennedy
164,San Cristóbal
170,San Cristóbal
176,Fontibón
195,San Cristóbal
205,Los Mártires
207,Candelaria
220,Rafael Uribe
221,None
230,Kennedy
245,None
257,Engativá
269,Engativá
279,Bosa
280,Bosa
283,Bosa
285,None
289,None
307,None
309,None
316,Engativá
339,Los Mártires
343,None
348,Usaquén
368,Engativá
401,Santa Fe
406,San Cristóbal
419,San Cristóbal
424,San Cristóbal
450,None
455,San Cristóbal
474,None
492,Engativá
499,Chapinero
503,Fontibón
527,Fontibón
535,Engativá
546,Engativá
566,Engativá
581,Fontibón
594,None
600,San Cristóbal
602,San Cristóbal
607,Rafael Uribe
617,San Cristóbal
630,Fontibón
633,Fontibón
634,Fontibón
636,Fontibón
643,Usaquén
646,Barrios Unidos
650,Usaquén
662,Rafael Uribe
669,San Cristóbal
676,Rafael Uribe
1467,None
798,Usaquén
807,Usaquén
812,Usaquén
818,Usaquén
822,Usaquén
847,Usaquén
1606,Bosa
1613,Bosa
872,Teusaquillo
874,Kennedy
905,Rafael Uribe
922,Rafael Uribe
924,Rafael Uribe
1719,Bosa
1727,Bosa
1774,Bosa
1688,Bosa
1693,Bosa
1698,Bosa
1702,Bosa
2331,None
2340,None
558,Engativá
2388,None
2404,None
574,Engativá
576,San Cristóbal
579,None
589,None
608,Rafael Uribe
2441,Usaquén
620,Rafael Uribe
627,Engativá
635,Fontibón
653,Usaquén
658,Usaquén
667,San Cristóbal
685,Teusaquillo
735,Santa Fe
742,Rafael Uribe
744,Rafael Uribe
747,Rafael Uribe
749,Rafael Uribe
751,Rafael Uribe
754,Rafael Uribe
760,Rafael Uribe
770,None
778,Teusaquillo
780,Teusaquillo
3048,Puente Aranda
797,Usaquén
825,Usaquén
836,Usaquén
862,Barrios Unidos
866,Kennedy
879,Teusaquillo
903,Rafael Uribe
913,Rafael Uribe
1728,Bosa
1747,None
3152,Usaquén
3183,San Cristóbal
1804,Bosa
1806,Bosa
1811,Bosa
1834,Bosa
1852,Bosa
1872,Bosa
3239,Fontibón
1930,Bosa
3284,Puente Aranda
3297,None
3298,Barrios Unidos
3313,Barrios Unidos
3322,San Cristóbal
2057,None
2060,None
2064,None
2066,None
3374,Rafael Uribe
3404,Fontibón
3406,Fontibón
3443,Usaquén
3445,Usaquén
369,Engativá
3497,Rafael Uribe
3498,Rafael Uribe
3528,None
3533,None
3534,None
3542,None
3544,None
390,San Cristóbal
418,San Cristóbal
427,San Cristóbal
429,Chapinero
624,Fontibón
626,Engativá
648,Usaquén
657,Usaquén
661,Rafael Uribe
664,Usaquén
666,Usaquén
674,Rafael Uribe
684,Teusaquillo
688,Tunjuelito
715,San Cristóbal
727,Teusaquillo
730,San Cristóbal
737,Santa Fe
740,Santa Fe
743,None
755,Rafael Uribe
771,Barrios Unidos
784,Teusaquillo
792,Usaquén
809,None
810,Usaquén
811,Usaquén
827,Usaquén
828,Usaquén
829,Usaquén
831,Usaquén
845,Usaquén
859,Barrios Unidos
869,Barrios Unidos
877,None
894,Puente Aranda
900,Candelaria
901,Candelaria
904,Rafael Uribe
909,Rafael Uribe
921,Rafael Uribe
923,Rafael Uribe
928,Usaquén
939,Fontibón
945,Kennedy
958,Kennedy
961,Kennedy
965,Kennedy
977,Kennedy
983,Kennedy
984,None
987,Kennedy
991,Kennedy
998,Kennedy
1008,Kennedy
1021,Kennedy
1022,Kennedy
1030,Kennedy
1033,Engativá
1042,Kennedy
1052,Kennedy
1053,Kennedy
1060,Kennedy
1065,Kennedy
1076,Kennedy
1078,Kennedy
1079,Kennedy
1096,Kennedy
1104,Kennedy
1129,None
1143,Kennedy
1146,Kennedy
1148,Kennedy
1171,Kennedy
1173,Kennedy
1192,Kennedy
1195,Kennedy
1203,Kennedy
1205,Kennedy
1209,None
1223,Kennedy
1227,Kennedy
1254,Kennedy
1259,Kennedy
1262,Kennedy
1270,Kennedy
1278,None
1303,Kennedy
1725,Bosa
1752,Bosa
1755,Bosa
1780,Bosa
1788,Bosa
1824,Bosa
1879,Bosa
1880,Bosa
1917,Bosa
1942,None
1966,None
1983,None
2011,None
2050,None
2053,None
2078,None
2089,None
2136,None
2159,None
2172,None
2173,None
1353,None
1228,Kennedy
1236,Kennedy
1237,Kennedy
1293,Kennedy
150,Rafael Uribe
165,San Cristóbal
174,Bosa
179,Bosa
184,Bosa
198,None
206,Los Mártires
213,Santa Fe
237,Fontibón
240,Chapinero
267,Engativá
286,None
294,None
295,None
315,Engativá
323,None
325,San Cristóbal
345,San Cristóbal
349,Usaquén
353,Engativá
363,Engativá
381,Engativá
421,San Cristóbal
425,San Cristóbal
442,None
445,San Cristóbal
447,San Cristóbal
540,Engativá
1505,Bosa
570,San Cristóbal
573,Engativá
583,San Cristóbal
593,None
1572,Bosa
1583,None
647,Usaquén
651,Usaquén
670,San Cristóbal
673,Usaquén
689,Tunjuelito
718,San Cristóbal
720,San Cristóbal
726,Santa Fe
756,Rafael Uribe
762,Rafael Uribe
769,None
774,Barrios Unidos
787,Usaquén
789,Usaquén
801,Usaquén
821,Engativá
823,Usaquén
834,Usaquén
837,Usaquén
852,Usaquén
857,Barrios Unidos
2349,None
2364,None
2365,None
865,Barrios Unidos
2382,None
2393,None
2402,None
2410,None
2426,None
2467,Usaquén
2468,Usaquén
2477,None
2488,Usaquén
2499,None
1321,None
1720,Bosa
1734,Bosa
1772,Bosa
3045,Puente Aranda
506,Fontibón
508,Fontibón
509,Fontibón
3102,Usaquén
3122,San Cristóbal
3135,Usaquén
3147,Usaquén
3156,Fontibón
3165,Fontibón
3196,Fontibón
632,Fontibón
638,Fontibón
644,Usaquén
659,San Cristóbal
677,Rafael Uribe
678,Rafael Uribe
690,Tunjuelito
723,San Cristóbal
3250,Chapinero
758,Rafael Uribe
763,Rafael Uribe
767,Barrios Unidos
3293,Puente Aranda
3294,Puente Aranda
3299,Barrios Unidos
773,Barrios Unidos
3307,Barrios Unidos
3327,Fontibón
808,Usaquén
813,Usaquén
816,Usaquén
819,Usaquén
843,Kennedy
846,Usaquén
875,Teusaquillo
884,Teusaquillo
3363,Puente Aranda
3390,Engativá
3401,Fontibón
1779,Bosa
1787,Bosa
3423,Rafael Uribe
3439,Usaquén
3440,Usaquén
3448,Usaquén
3452,Usaquén
1900,Bosa
1927,Bosa
1950,None
1951,None
1968,None
1986,None
1991,None
2029,None
2039,None
2065,None
2074,None
2077,None
2082,None
3509,Rafael Uribe
3515,Engativá
2154,None
3550,None
2189,None
337,Los Mártires
347,Usaquén
3592,None
3593,None
386,Engativá
389,Engativá
403,San Cristóbal
3628,Santa Fe
410,San Cristóbal
412,San Cristóbal
3643,Engativá
3668,None
3676,None
3703,San Cristóbal
3704,Chapinero
3706,None
3708,Bosa
3719,Bosa
3721,Bosa
3757,None
3759,None
3768,None
3786,Usaquén
3795,Usaquén
3810,Bosa
3814,Bosa
3817,Bosa
3818,Bosa
3829,San Cristóbal
3832,Chapinero
3852,Antonio Nariño
3855,Fontibón
3865,None
2501,Usaquén
2515,Usaquén
2518,Usaquén
2542,Usaquén
2570,Usaquén
2581,San Cristóbal
2602,San Cristóbal
2608,Fontibón
2612,Barrios Unidos
2628,San Cristóbal
2639,Engativá
2645,Engativá
2655,Engativá
2673,Chapinero
2688,Engativá
2692,Fontibón
2693,Engativá
2697,San Cristóbal
2699,San Cristóbal
2701,San Cristóbal
2703,San Cristóbal
2706,San Cristóbal
2710,Chapinero
2713,Chapinero
2717,Chapinero
2721,Chapinero
2735,Engativá
2741,None
2786,Rafael Uribe
2791,Teusaquillo
2855,Fontibón
2863,Teusaquillo
2879,Puente Aranda
2890,Puente Aranda
2920,Engativá
2942,San Cristóbal
2943,San Cristóbal
2945,San Cristóbal
2963,None
2969,Chapinero
2972,Chapinero
2978,None
2987,Engativá
2994,Fontibón
2999,Fontibón
2502,None
2505,Usaquén
1723,Bosa
1724,Bosa
1732,Bosa
1761,Bosa
1766,None
1809,Bosa
1816,Bosa
1866,Bosa
1876,Bosa
1884,Bosa
1905,Bosa
1915,Bosa
1931,Bosa
1943,None
1965,None
1984,None
1996,None
1997,None
2040,None
2042,None
2051,None
2061,None
2069,None
2080,None
2084,None
2100,None
2122,None
2124,None
2132,None
2161,None
2195,None
4,Usaquén
6,Chapinero
16,Engativá
18,Candelaria
2232,None
2234,None
2250,None
2259,None
2267,None
2268,None
2270,None
2277,None
37,Kennedy
99,Chapinero
121,Engativá
122,Usaquén
129,Fontibón
134,Engativá
147,Engativá
149,Rafael Uribe
171,Engativá
194,San Cristóbal
200,Candelaria
202,Bosa
204,Barrios Unidos
210,None
224,Candelaria
226,Usaquén
259,None
264,None
301,None
303,None
322,Fontibón
324,San Cristóbal
327,Engativá
329,Bosa
338,Los Mártires
351,Fontibón
366,Engativá
367,Engativá
378,Usaquén
388,Engativá
392,Engativá
396,Engativá
400,Santa Fe
408,San Cristóbal
411,San Cristóbal
417,San Cristóbal
435,San Cristóbal
441,None
502,Fontibón
522,Fontibón
538,Engativá
543,Engativá
544,Engativá
552,Engativá
554,Engativá
575,San Cristóbal
591,San Cristóbal
595,None
599,None
605,Rafael Uribe
613,Rafael Uribe
614,Candelaria
616,San Cristóbal
619,Rafael Uribe
621,Fontibón
3002,Fontibón
3004,Rafael Uribe
3014,Engativá
3025,Fontibón
3052,Puente Aranda
3063,San Cristóbal
3067,San Cristóbal
3103,Rafael Uribe
3110,Rafael Uribe
3111,Rafael Uribe
3123,San Cristóbal
3130,Usaquén
3139,Engativá
3149,Fontibón
3154,Fontibón
3155,Fontibón
3160,Fontibón
3171,Rafael Uribe
3184,San Cristóbal
3193,Usaquén
3195,Fontibón
3216,San Cristóbal
3230,Fontibón
3246,Fontibón
3249,Engativá
3275,Rafael Uribe
3277,Santa Fe
3296,Barrios Unidos
3308,Fontibón
3315,Teusaquillo
3319,Engativá
3321,San Cristóbal
3323,San Cristóbal
3350,Fontibón
3394,Tunjuelito
3395,None
3421,Rafael Uribe
3425,Rafael Uribe
3431,Rafael Uribe
3438,Usaquén
3461,Puente Aranda
3488,None
3512,Rafael Uribe
3519,Engativá
3547,None
3551,None
3553,None
3571,None
3574,None
3575,None
3586,None
3597,None
3599,None
3607,Usaquén
3609,Usaquén
3631,Fontibón
3634,Santa Fe
3640,Rafael Uribe
3663,Chapinero
3669,None
3673,Chapinero
3711,Usaquén
3712,Kennedy
3734,None
3740,None
3747,None
3758,None
3770,Antonio Nariño
3773,Usaquén
3816,Bosa
3819,Bosa
3830,Engativá
3834,Antonio Nariño
3841,Teusaquillo
3843,Antonio Nariño
3847,Chapinero
3849,Antonio Nariño
3851,Antonio Nariño
3858,Antonio Nariño
3863,Santa Fe
1536,None
1549,None
1571,Bosa
1573,Bosa
1588,Bosa
1601,Bosa
1604,Bosa
1625,Bosa
1643,Bosa
1646,Bosa
1663,Bosa
1666,Bosa
1675,Bosa
1683,None
1684,None
1685,Bosa
1689,Bosa
1692,Bosa
1701,Bosa
1716,Bosa
1717,None
2292,None
2298,None
2304,None
2307,None
2326,None
2328,None
2351,None
2367,None
2376,None
2399,None
2405,None
2444,Usaquén
2465,Usaquén
2484,Usaquén
2495,None
2506,Usaquén
2510,Usaquén
2513,Usaquén
2514,None
2516,Usaquén
2526,Chapinero
2533,Los Mártires
2538,Engativá
2553,Chapinero
2564,Barrios Unidos
2565,Barrios Unidos
2585,Rafael Uribe
2586,Rafael Uribe
2587,Rafael Uribe
2589,Santa Fe
2598,None
2600,San Cristóbal
2607,Fontibón
2615,Barrios Unidos
2617,San Cristóbal
2620,San Cristóbal
2640,Engativá
2643,Engativá
2647,Engativá
2687,Engativá
2734,Engativá
2739,Engativá
2762,Chapinero
2763,Chapinero
2771,Chapinero
2798,Teusaquillo
2806,Chapinero
2821,Tunjuelito
2847,Rafael Uribe
2850,Rafael Uribe
2867,Barrios Unidos
2875,Puente Aranda
2877,Puente Aranda
2927,Engativá
2946,San Cristóbal
2991,Fontibón
2309,None
2323,None
2357,None
2374,None
2380,None
2395,None
2415,Usaquén
2424,None
2428,Usaquén
2443,Usaquén
2464,Usaquén
2481,Usaquén
2500,None
1191,Bosa
1206,Kennedy
1225,Fontibón
1243,Kennedy
1282,Kennedy
1287,Kennedy
1298,Kennedy
930,Rafael Uribe
941,Fontibón
950,Usaquén
957,Usaquén
968,Kennedy
971,Kennedy
974,Kennedy
1018,Kennedy
1035,Kennedy
1039,Kennedy
1074,Kennedy
1084,Kennedy
1088,Kennedy
1125,Kennedy
1137,Kennedy
1140,Kennedy
1142,None
1152,Kennedy
1163,Fontibón
1166,Kennedy
1169,Kennedy
1197,Kennedy
1204,Bosa
1216,Kennedy
1218,Kennedy
1219,Kennedy
1266,Kennedy
1285,Kennedy
1286,Kennedy
1291,Kennedy
1297,Kennedy
1425,Engativá
1731,Bosa
1738,Bosa
1741,Bosa
1768,Bosa
1771,Bosa
1784,Bosa
1786,Bosa
1792,Bosa
1805,Bosa
1812,Bosa
1814,Bosa
1895,Bosa
1906,Bosa
1907,Bosa
1911,Bosa
1945,None
1949,None
1953,None
1957,None
1958,None
1975,None
1977,None
1979,None
1998,None
1999,None
2009,None
2025,None
2034,None
2038,None
2041,None
2049,None
2067,None
2076,None
2156,None
2158,None
2160,None
2177,None
2183,None
2204,None
2214,None
2217,None
8,Engativá
22,San Cristóbal
2219,None
2240,None
2257,None
2266,None
44,Engativá
54,Fontibón
90,Fontibón
98,Santa Fe
143,Tunjuelito
3007,Rafael Uribe
3010,None
3017,Engativá
3018,Engativá
3022,Tunjuelito
3037,Los Mártires
3051,Puente Aranda
3057,Fontibón
3060,San Cristóbal
3066,San Cristóbal
3070,San Cristóbal
3075,Engativá
3118,San Cristóbal
3125,San Cristóbal
3132,Usaquén
3137,Usaquén
3138,Usaquén
3141,Engativá
3142,San Cristóbal
3159,Fontibón
3161,Fontibón
3162,Fontibón
3172,Fontibón
3175,San Cristóbal
3192,Engativá
3198,Fontibón
3201,None
3207,None
3214,None
3220,San Cristóbal
3231,None
3233,Fontibón
3242,Rafael Uribe
3247,None
3248,Barrios Unidos
3252,Chapinero
3254,Chapinero
3257,Chapinero
3258,Chapinero
3270,Santa Fe
3272,Chapinero
3286,Engativá
3288,Fontibón
3305,Barrios Unidos
3306,Barrios Unidos
3325,None
3329,San Cristóbal
3331,San Cristóbal
3336,San Cristóbal
3356,Tunjuelito
3397,Rafael Uribe
3398,Rafael Uribe
3402,Fontibón
3405,Fontibón
3416,Puente Aranda
3418,Rafael Uribe
3432,Rafael Uribe
3442,Usaquén
3449,None
3480,Engativá
3487,Engativá
3489,Engativá
3505,None
3516,Engativá
3520,Engativá
3527,Engativá
3539,None
3540,None
3546,None
3557,None
3567,None
3578,None
3611,Engativá
3613,San Cristóbal
3615,Barrios Unidos
3622,Fontibón
3637,Engativá
3638,Puente Aranda
3644,San Cristóbal
3652,Rafael Uribe
3654,Kennedy
3665,Chapinero
3666,Chapinero
3667,Chapinero
3695,Usaquén
3696,Usaquén
3743,None
3774,Antonio Nariño
3779,None
3791,None
3824,None
3844,Antonio Nariño
3845,Antonio Nariño
1466,None
1513,Fontibón
1526,Engativá
1547,None
1550,Bosa
1558,None
1561,Bosa
1602,Bosa
1603,Bosa
1608,Bosa
1610,Bosa
1634,Bosa
1635,Bosa
1644,Bosa
1653,Bosa
1656,Bosa
1657,San Cristóbal
1669,Bosa
1673,Bosa
1696,Bosa
1700,Bosa
1705,Bosa
1707,Bosa
1713,Bosa
2290,None
2291,None
2302,None
2310,None
2313,None
2324,None
2370,None
2387,None
2391,None
2401,None
2414,None
2419,None
2423,Usaquén
2433,Usaquén
2439,None
2448,None
2453,Rafael Uribe
2461,Usaquén
2466,Usaquén
2469,Usaquén
2482,Usaquén
2487,Usaquén
2489,Usaquén
2492,Usaquén
2497,Usaquén
2503,None
2530,Los Mártires
2531,Los Mártires
2539,Engativá
2556,Fontibón
2562,Fontibón
2574,Engativá
2575,Engativá
2591,Santa Fe
2593,San Cristóbal
2595,Santa Fe
2596,San Cristóbal
2633,San Cristóbal
2649,Engativá
2718,Chapinero
2736,Engativá
2758,San Cristóbal
2759,San Cristóbal
2761,Chapinero
2785,Engativá
2795,Teusaquillo
2807,Chapinero
2819,Tunjuelito
2843,Rafael Uribe
2845,Santa Fe
2848,Rafael Uribe
2880,Puente Aranda
2894,Engativá
2917,Engativá
2924,Teusaquillo
2931,Engativá
1767,Bosa
1769,Bosa
1773,Bosa
1789,Bosa
1797,Bosa
1820,Bosa
1828,Bosa
1850,None
1865,Bosa
1873,Bosa
1875,Bosa
1881,Bosa
1888,Bosa
1892,Bosa
1921,Bosa
1924,Bosa
1926,Bosa
1964,None
1981,None
2014,None
2024,None
2046,None
2085,None
2092,None
2128,None
2131,None
2153,None
2170,None
2171,None
2198,None
2208,None
1,Usaquén
3,None
2230,None
2245,None
2251,None
2263,None
2276,None
2285,None
53,Engativá
58,Engativá
62,San Cristóbal
73,None
88,Chapinero
100,Kennedy
111,Engativá
116,Santa Fe
118,Rafael Uribe
138,Kennedy
151,Fontibón
180,Bosa
190,None
215,None
219,Rafael Uribe
252,None
278,Bosa
282,Bosa
291,None
321,None
328,Engativá
932,Rafael Uribe
934,San Cristóbal
947,Usaquén
972,Kennedy
973,Kennedy
979,Kennedy
990,Kennedy
997,Kennedy
1005,Kennedy
1007,Kennedy
1010,None
1019,Kennedy
1024,Kennedy
1031,Kennedy
1059,Kennedy
1062,Kennedy
1070,Kennedy
1086,Kennedy
1093,Kennedy
1094,Kennedy
1103,Kennedy
1105,Kennedy
1110,Kennedy
1121,Kennedy
1127,Kennedy
1128,Kennedy
1159,Kennedy
1181,Kennedy
1213,Kennedy
1220,Kennedy
1229,Kennedy
1238,Kennedy
1252,Kennedy
1261,Kennedy
1263,Kennedy
1345,Candelaria
1364,None
444,San Cristóbal
463,Fontibón
680,Teusaquillo
686,Tunjuelito
691,Tunjuelito
707,San Cristóbal
711,Rafael Uribe
717,San Cristóbal
721,San Cristóbal
732,San Cristóbal
753,Rafael Uribe
783,Teusaquillo
788,Usaquén
1551,Bosa
1559,None
1576,Bosa
1584,Bosa
1594,Bosa
1596,Bosa
1597,Bosa
1598,Bosa
851,Usaquén
854,Barrios Unidos
868,Barrios Unidos
871,Barrios Unidos
1619,Bosa
1629,Bosa
1639,Bosa
1678,Bosa
1681,Bosa
1686,Bosa
1799,Bosa
1813,Bosa
493,San Cristóbal
495,San Cristóbal
512,Fontibón
515,Fontibón
516,Engativá
526,None
528,Fontibón
556,Engativá
2344,None
2345,None
559,None
564,None
569,San Cristóbal
2416,Usaquén
2432,Usaquén
618,San Cristóbal
2442,Usaquén
2454,Usaquén
2457,Usaquén
2475,Usaquén
2476,Usaquén
2483,Usaquén
2491,Usaquén
2493,Usaquén
1310,Kennedy
722,San Cristóbal
729,San Cristóbal
731,San Cristóbal
1359,None
3011,Rafael Uribe
3012,Barrios Unidos
3019,Engativá
3021,Engativá
3023,Tunjuelito
3043,Puente Aranda
790,Usaquén
794,Usaquén
3054,Puente Aranda
3059,San Cristóbal
3069,San Cristóbal
3072,San Cristóbal
3106,Rafael Uribe
3112,Rafael Uribe
3129,Usaquén
3134,Usaquén
3151,Usaquén
1750,Bosa
1776,Bosa
3194,Fontibón
3205,Fontibón
3211,San Cristóbal
3238,Fontibón
1885,Bosa
1899,Bosa
1914,None
3251,Chapinero
3283,Fontibón
1969,None
1974,None
1982,None
2002,None
2022,None
2044,None
2056,None
3337,San Cristóbal
3355,None
3368,Puente Aranda
3369,Puente Aranda
3372,Puente Aranda
2163,None
2209,None
342,San Cristóbal
3463,Rafael Uribe
3485,Engativá
372,None
377,Engativá
380,Engativá
382,Engativá
383,None
3545,None
3555,None
3558,None
3561,None
3562,None
3572,None
3576,None
3579,None
3580,None
3587,None
3588,None
3595,Kennedy
3604,Kennedy
3610,Tunjuelito
3624,Candelaria
3646,Fontibón
3675,None
3692,Usaquén
3698,None
3699,Usaquén
3709,Usaquén
3736,None
3739,None
3741,None
3745,None
3746,None
3749,None
3752,None
3763,None
3781,Antonio Nariño
3782,Antonio Nariño
3798,Antonio Nariño
3812,Bosa
3815,Bosa
3822,Bosa
3828,None
3835,Antonio Nariño
3838,Antonio Nariño
3862,Fontibón
2517,Usaquén
2532,Los Mártires
2549,Chapinero
2551,Chapinero
2552,Chapinero
2554,Chapinero
2572,Engativá
2588,Rafael Uribe
2599,San Cristóbal
2638,Engativá
2644,Engativá
2653,Engativá
2672,Chapinero
2674,Chapinero
2682,None
2683,None
2696,San Cristóbal
2707,Chapinero
2732,None
2733,Engativá
2743,Engativá
2792,None
2799,Teusaquillo
2800,Teusaquillo
2802,Teusaquillo
2809,Chapinero
2813,Chapinero
2817,Chapinero
2822,Tunjuelito
2840,Rafael Uribe
2846,Rafael Uribe
2864,Bosa
2868,Puente Aranda
2870,Puente Aranda
2871,Puente Aranda
2874,Puente Aranda
2899,San Cristóbal
2950,Chapinero
2962,Chapinero
2975,Fontibón
2990,None
2995,Fontibón
3000,Fontibón
2507,Usaquén
1718,Bosa
1733,Bosa
1740,Bosa
1763,Bosa
1775,Bosa
1777,Bosa
1781,Bosa
1800,Bosa
1807,Bosa
1823,Bosa
1846,Bosa
1871,Bosa
1878,Bosa
1893,None
1902,Bosa
1912,Bosa
1929,Bosa
1938,Bosa
1946,None
1972,None
1978,None
1988,None
1989,None
2006,None
2010,None
2015,None
2020,None
2030,None
2106,None
2110,None
2135,None
2142,None
2155,None
2167,None
2176,None
2180,None
2181,None
2187,None
2190,None
2191,None
2196,None
2206,None
2,Usaquén
5,Usaquén
10,Usaquén
17,None
19,Puente Aranda
21,Fontibón
24,San Cristóbal
2223,None
2226,None
2228,None
2237,None
2243,None
2248,None
2281,None
2283,None
35,Kennedy
66,Kennedy
77,Candelaria
105,San Cristóbal
119,Santa Fe
130,Fontibón
161,San Cristóbal
163,San Cristóbal
183,Teusaquillo
188,Fontibón
191,Fontibón
300,None
317,Engativá
318,None
326,San Cristóbal
340,Engativá
344,San Cristóbal
355,Engativá
370,None
376,Engativá
385,Engativá
387,Engativá
394,Bosa
395,Engativá
399,Usaquén
413,Bosa
448,None
451,San Cristóbal
459,None
497,Chapinero
513,Fontibón
517,Fontibón
518,Fontibón
519,Fontibón
520,Fontibón
562,Engativá
577,San Cristóbal
582,San Cristóbal
585,San Cristóbal
590,San Cristóbal
606,Rafael Uribe
610,Rafael Uribe
3013,Barrios Unidos
3020,Engativá
3038,Los Mártires
3039,Los Mártires
3047,Fontibón
3053,Puente Aranda
3080,San Cristóbal
3097,Rafael Uribe
3101,Usaquén
3105,Rafael Uribe
3113,Usaquén
3115,San Cristóbal
3140,Engativá
3150,Usaquén
3158,Fontibón
3163,Fontibón
3166,Fontibón
3169,Fontibón
3199,Fontibón
3200,Fontibón
3203,San Cristóbal
3219,San Cristóbal
3224,Los Mártires
3234,Fontibón
3264,Santa Fe
3273,None
3291,Candelaria
3310,Barrios Unidos
3312,Barrios Unidos
3330,San Cristóbal
3333,None
3340,San Cristóbal
3341,San Cristóbal
3348,None
3352,Engativá
3353,Engativá
3354,Tunjuelito
3359,Tunjuelito
3360,Tunjuelito
3366,Puente Aranda
3373,Puente Aranda
3376,None
3411,Rafael Uribe
3427,Rafael Uribe
3435,Puente Aranda
3436,Usaquén
3446,Usaquén
3447,Usaquén
3454,Usaquén
3462,Puente Aranda
3468,Engativá
3474,None
3499,Rafael Uribe
3500,None
3506,Rafael Uribe
3521,Engativá
3524,Engativá
3530,None
3531,None
3535,None
3541,None
3549,None
3556,None
3559,None
3608,Usaquén
3619,San Cristóbal
3648,Engativá
3657,Kennedy
3671,Chapinero
3672,San Cristóbal
3686,Kennedy
3691,Usaquén
3700,San Cristóbal
3701,Kennedy
3717,Bosa
3738,None
3764,None
3765,None
3772,Antonio Nariño
3785,Antonio Nariño
3794,Teusaquillo
3800,Kennedy
3856,San Cristóbal
3866,None
3871,Bosa
1442,None
1445,San Cristóbal
1562,Bosa
1570,Bosa
1585,Bosa
1586,Bosa
1587,None
1591,Bosa
1612,Bosa
1618,Bosa
1623,None
1628,Bosa
1631,Bosa
1641,Bosa
1642,Bosa
1655,Bosa
1662,Bosa
1664,Bosa
1665,Bosa
1671,Bosa
1679,Bosa
1687,Bosa
1699,None
1708,Bosa
1714,Bosa
1715,Bosa
2297,None
2306,None
2308,None
2316,None
2321,None
2333,None
2335,None
2346,None
2350,None
2359,None
2368,None
2421,None
2438,Usaquén
2458,Usaquén
2473,Usaquén
2485,Usaquén
2494,Usaquén
2525,Fontibón
2577,Engativá
2580,Bosa
2625,San Cristóbal
2630,None
2632,None
2635,Engativá
2641,San Cristóbal
2650,Engativá
2656,Engativá
2659,Tunjuelito
2686,Engativá
2711,Chapinero
2715,Chapinero
2716,Chapinero
2719,Chapinero
2720,Chapinero
2722,Usaquén
2748,Santa Fe
2764,Chapinero
2769,Chapinero
2770,Rafael Uribe
2787,Engativá
2789,Engativá
2796,Fontibón
2797,Teusaquillo
2801,Teusaquillo
2803,None
2804,Teusaquillo
2820,Tunjuelito
2841,None
2844,Rafael Uribe
2849,Rafael Uribe
2861,Los Mártires
2881,Puente Aranda
2893,Engativá
2895,Engativá
2898,Engativá
2916,Engativá
2919,Engativá
2923,Teusaquillo
2930,Engativá
2941,San Cristóbal
2947,San Cristóbal
2949,San Cristóbal
2956,San Cristóbal
2957,Usaquén
2958,Chapinero
2959,Chapinero
2986,Engativá
2996,Fontibón
2334,None
2356,None
2418,None
2437,Usaquén
2450,Usaquén
2456,Usaquén
2486,Usaquén
2490,Usaquén
1186,Kennedy
1233,Kennedy
1251,Kennedy
1283,Kennedy
940,Fontibón
951,Usaquén
955,Usaquén
956,Usaquén
960,Kennedy
986,Kennedy
992,Kennedy
994,Kennedy
1002,Kennedy
1012,Kennedy
1023,Kennedy
1037,Kennedy
1048,Kennedy
1068,Kennedy
1081,Kennedy
1089,Chapinero
1092,Kennedy
1111,Kennedy
1131,Kennedy
1136,Kennedy
1141,Kennedy
1144,Kennedy
1145,Kennedy
1147,Kennedy
1151,Kennedy
1154,Kennedy
1162,Kennedy
1165,Kennedy
1174,Kennedy
1190,Kennedy
1194,Kennedy
1200,Kennedy
1250,Kennedy
1267,Kennedy
1268,Kennedy
1304,Kennedy
1315,None
1396,None
1730,Bosa
1745,None
1757,Bosa
1759,Bosa
1762,Bosa
1778,Bosa
1783,Bosa
1785,Bosa
1826,Bosa
1831,Bosa
1832,Bosa
1839,Bosa
1841,Bosa
1843,Bosa
1844,Bosa
1851,Bosa
1853,Usaquén
1857,Bosa
1859,Bosa
1860,None
1867,Bosa
1874,None
1890,Bosa
1891,Bosa
1898,Bosa
1919,Bosa
1948,None
1962,None
1963,None
1967,None
1973,None
1990,None
2017,None
2019,None
2027,None
2036,None
2043,Usaquén
2055,None
2062,None
2063,None
2068,None
2075,None
2088,None
2096,None
2107,None
2109,None
2113,None
2115,None
2116,None
2134,None
2146,None
2148,None
2168,None
2175,None
2179,None
2182,None
2184,None
9,Engativá
23,San Cristóbal
2220,None
2221,None
2222,None
2227,None
2274,None
2275,None
2278,None
45,Bosa
47,Santa Fe
55,Kennedy
59,Rafael Uribe
68,Chapinero
69,Chapinero
106,Usaquén
123,Barrios Unidos
124,Fontibón
3003,Rafael Uribe
3024,Tunjuelito
3041,Puente Aranda
3046,Puente Aranda
3074,San Cristóbal
3083,Santa Fe
3085,Santa Fe
3087,Rafael Uribe
3090,Engativá
3117,Rafael Uribe
3119,San Cristóbal
3128,Usaquén
3167,Fontibón
3206,San Cristóbal
3209,San Cristóbal
3237,Fontibón
3255,Chapinero
3276,Santa Fe
3285,Fontibón
3300,Barrios Unidos
3304,Engativá
3311,Barrios Unidos
3317,Engativá
3318,Engativá
3334,None
3365,Puente Aranda
3370,Puente Aranda
3371,Puente Aranda
3388,Tunjuelito
3391,Tunjuelito
3392,Tunjuelito
3426,Rafael Uribe
3444,Usaquén
3455,Usaquén
3460,Puente Aranda
3477,Engativá
3481,None
3517,Engativá
3523,Engativá
3526,Engativá
3537,None
3564,None
3569,None
3585,None
3602,None
3603,None
3614,Barrios Unidos
3627,Santa Fe
3630,San Cristóbal
3633,Santa Fe
3636,Santa Fe
3645,Rafael Uribe
3649,Engativá
3651,Rafael Uribe
3656,Kennedy
3659,Kennedy
3661,Chapinero
3664,Chapinero
3679,Kennedy
3693,Usaquén
3720,Bosa
3730,Bosa
3735,None
3762,None
3766,None
3775,None
3780,San Cristóbal
3784,Antonio Nariño
3790,Fontibón
3801,Kennedy
3809,Bosa
3813,None
3850,Antonio Nariño
3860,Antonio Nariño
3861,Antonio Nariño
3864,Usaquén
1475,None
1579,Bosa
1580,Bosa
1582,Bosa
1589,Bosa
1599,None
1637,None
1659,Bosa
1703,Bosa
1706,Bosa
1709,Bosa
1711,Bosa
1712,Bosa
2296,None
2299,None
2300,None
2305,None
2311,None
2317,None
2322,None
2329,None
2336,None
2343,None
2372,None
2384,San Cristóbal
2386,None
2390,None
2403,None
2406,None
2408,None
2425,None
2427,None
2429,Usaquén
2440,Kennedy
2446,Usaquén
2455,Usaquén
2472,Usaquén
2480,Usaquén
2496,Usaquén
2504,Usaquén
2511,Usaquén
2512,None
2528,Los Mártires
2534,Los Mártires
2537,Engativá
2540,None
2546,Usaquén
2550,Chapinero
2558,Fontibón
2561,Fontibón
2563,Barrios Unidos
2571,Usaquén
2584,Rafael Uribe
2592,Santa Fe
2613,Barrios Unidos
2619,San Cristóbal
2634,Engativá
2637,Engativá
2651,Engativá
2652,None
2663,None
2675,Chapinero
2689,Engativá
2702,Engativá
2708,Chapinero
2709,Bosa
2714,Chapinero
2725,Chapinero
2737,Engativá
2738,Engativá
2760,Chapinero
2767,Chapinero
2781,None
2793,Teusaquillo
2794,Teusaquillo
2810,Chapinero
2814,Chapinero
2839,San Cristóbal
2852,Rafael Uribe
2869,Puente Aranda
2876,Puente Aranda
2882,Puente Aranda
2891,Puente Aranda
2896,Engativá
2921,Engativá
2971,Chapinero
2989,Chapinero
1735,None
1739,None
1849,None
1901,Bosa
1909,Bosa
1923,Bosa
1940,Bosa
1952,None
1955,None
1956,None
1970,None
1980,None
1995,None
2013,None
2023,None
2031,None
2070,None
2079,None
2087,None
2095,None
2123,Usaquén
2133,None
2137,None
2138,None
2141,None
2147,None
2178,None
2216,None
7,Fontibón
25,Engativá
2218,None
2233,None
2238,None
2244,None
2247,San Cristóbal
2249,None
2260,None
2261,None
2272,None
2279,None
2280,None
2282,None
2286,None
30,Fontibón
48,Kennedy
52,Engativá
56,Bosa
61,San Cristóbal
74,Chapinero
87,San Cristóbal
89,Fontibón
107,Usaquén
108,Usaquén
110,Tunjuelito
115,Chapinero
120,Barrios Unidos
131,Engativá
144,Candelaria
153,Engativá
158,Engativá
193,Fontibón
212,Fontibón
228,Engativá
258,Fontibón
262,None
272,None
275,Bosa
288,None
298,None
302,None
308,San Cristóbal
312,None
313,None
314,None
330,Engativá
944,Kennedy
967,Kennedy
969,Kennedy
981,Kennedy
988,Kennedy
993,Kennedy
1000,Kennedy
1017,Kennedy
1026,Kennedy
1040,Kennedy
1046,Kennedy
1047,Kennedy
1051,Kennedy
1054,Kennedy
1057,Kennedy
1067,Kennedy
1069,Kennedy
1083,Kennedy
1091,Kennedy
1095,Kennedy
1122,Kennedy
1135,Kennedy
1139,Kennedy
1153,Kennedy
1155,Kennedy
1161,Kennedy
1168,Kennedy
1170,Kennedy
1176,Kennedy
1179,Kennedy
1188,Kennedy
1196,Kennedy
1201,Kennedy
1202,Kennedy
1211,Kennedy
1215,Kennedy
1226,Kennedy
1231,Kennedy
1234,Kennedy
1235,Kennedy
1241,Bosa
1260,Kennedy
1290,Kennedy
1292,Kennedy
1299,Kennedy
1300,Kennedy
1301,Kennedy
1331,None
1371,None
437,San Cristóbal
440,San Cristóbal
446,San Cristóbal
485,None
494,San Cristóbal
498,Chapinero
500,Fontibón
505,Fontibón
511,Fontibón
523,Fontibón
533,Engativá
549,Engativá
551,Engativá
568,San Cristóbal
586,San Cristóbal
587,San Cristóbal
1569,Bosa
596,San Cristóbal
601,Usaquén
609,Rafael Uribe
1590,Bosa
1593,Bosa
1607,Bosa
1611,Bosa
1615,Bosa
1617,Bosa
1621,Bosa
1622,None
1651,Bosa
1658,Bosa
1676,Bosa
1677,Bosa
1710,Bosa
2293,None
2314,None
2319,None
2341,None
860,Barrios Unidos
861,Barrios Unidos
863,None
2369,None
2371,None
873,Teusaquillo
880,Teusaquillo
882,Teusaquillo
888,Los Mártires
891,Los Mártires
895,Engativá
898,Candelaria
899,Candelaria
908,Rafael Uribe
910,Rafael Uribe
912,Rafael Uribe
915,Rafael Uribe
916,Rafael Uribe
1751,Bosa
1765,Bosa
3042,None
496,San Cristóbal
3049,Puente Aranda
code,localidad
3055,Fontibón
3058,Fontibón
3061,San Cristóbal
3078,Usaquén
524,Fontibón
529,Engativá
542,Engativá
550,Fontibón
567,Engativá
592,San Cristóbal
603,Rafael Uribe
615,Candelaria
628,Engativá
3202,None
3210,San Cristóbal
3212,San Cristóbal
3213,San Cristóbal
3225,Puente Aranda
3227,Puente Aranda
3228,Puente Aranda
728,San Cristóbal
741,Rafael Uribe
3259,Santa Fe
3260,Santa Fe
772,Barrios Unidos
3301,Barrios Unidos
785,Tunjuelito
802,Usaquén
806,Usaquén
3328,San Cristóbal
3332,San Cristóbal
3347,None
3351,Engativá
3361,Puente Aranda
885,None
890,Los Mártires
914,Rafael Uribe
1749,None
3417,Puente Aranda
3420,Rafael Uribe
1810,None
1827,Bosa
1829,Bosa
1836,Bosa
1845,Bosa
3453,Usaquén
3465,Fontibón
3469,None
3473,None
3476,Engativá
3482,Engativá
3496,Rafael Uribe
2105,None
2119,None
2129,None
3543,None
2169,None
3563,None
352,Engativá
362,Engativá
364,Engativá
365,Engativá
3605,Usaquén
3626,Santa Fe
407,San Cristóbal
3639,Rafael Uribe
3642,Engativá
414,San Cristóbal
